"","drug target","DEG by microarray","DEG by RNA-seq","DEG by proteome","DEG with DAM","DEG with DAA","Demonstration track","Sum"
"AARS","Y","N","N","N","N","N","N",1
"ABCA1","Y","Y","Y","Y","N","Y","Y",6
"ACTG1","Y","N","Y","Y","N","N","Y",3
"ACTL6B","N","Y","Y","N","Y","N","Y",3
"APMAP","N","N","Y","N","N","N","Y",2
"APOE","Y","N","N","Y","Y","N","N",4
"APOL2","N","N","Y","N","N","N","Y",1
"APP","Y","N","N","Y","Y","N","N",4
"ARID1B","N","N","N","N","N","N","N",1
"ASNA1","N","N","N","N","N","N","N",1
"ATF2","Y","N","N","N","N","N","N",2
"ATF3","Y","N","Y","N","Y","N","Y",4
"ATP2B1","N","Y","Y","Y","Y","N","Y",4
"BACE1","Y","N","N","Y","N","N","N",3
"BCAP31","N","N","N","N","N","N","N",1
"BCL3","N","N","Y","N","N","N","Y",2
"BIN1","N","N","N","N","Y","N","N",2
"BNIP1","N","N","Y","N","N","N","Y",1
"CACNA1I","N","N","Y","N","N","N","Y",1
"CASC4","N","N","N","N","N","N","N",1
"CBL","N","N","Y","N","N","N","Y",2
"CCDC134","N","N","N","N","N","N","N",1
"CDC5L","N","N","N","N","N","N","N",1
"CDCP1","N","N","N","N","N","N","N",0
"CDK5","Y","Y","Y","N","N","N","Y",4
"CFTR","Y","N","N","N","N","N","N",2
"CHD8","N","N","N","N","N","N","N",0
"CHTOP","N","N","N","N","N","N","N",0
"CKAP5","N","N","Y","Y","Y","N","Y",3
"CLASRP","N","N","N","N","N","N","N",1
"CLEC5A","N","N","Y","N","N","N","Y",1
"CLIC3","N","N","N","N","N","N","N",0
"CLU","Y","N","N","Y","N","Y","N",4
"CPLX2","N","Y","Y","Y","Y","Y","Y",5
"CPSF7","N","Y","N","N","N","N","N",1
"CSNK1G1","Y","N","N","N","N","N","N",1
"CSNK2A1","Y","N","N","N","N","N","N",2
"CTGF","N","N","N","N","N","N","N",1
"DAAM2","N","N","N","N","N","Y","N",1
"DAG1","N","N","N","N","N","Y","N",2
"DDRGK1","N","N","N","Y","N","Y","N",2
"DTX2","N","N","Y","N","N","N","Y",1
"EBP","Y","N","N","N","N","N","N",2
"ENO1","Y","N","N","Y","N","Y","N",4
"EPB41L3","N","Y","Y","N","Y","Y","Y",3
"ERLIN2","N","N","N","N","N","N","N",1
"EXD2","N","N","N","N","N","N","N",0
"FAM117B","N","N","N","N","N","N","N",0
"FAM120A","N","N","N","N","N","N","N",0
"FARP1","N","N","N","N","N","Y","N",2
"FBL","N","N","N","N","N","N","N",0
"FBLN1","N","N","N","N","N","N","N",0
"FERMT2","N","N","N","Y","N","N","N",2
"FGFBP2","N","N","N","N","N","N","N",0
"FOXG1","N","N","N","N","N","N","N",0
"FRMD8","N","N","Y","N","N","N","Y",1
"FYN","Y","N","N","N","N","Y","N",3
"GATA2","N","N","Y","N","N","N","Y",1
"GIMAP5","N","N","Y","N","N","N","Y",1
"GJB1","N","N","N","N","N","N","N",0
"GRAMD1C","N","N","N","N","N","Y","N",1
"GSK3B","Y","N","Y","N","N","N","Y",3
"GZMK","N","N","Y","N","N","N","Y",1
"HERPUD2","N","N","N","N","N","N","N",0
"HK2","N","N","Y","Y","N","N","Y",3
"HOMER2","N","N","Y","N","N","N","Y",2
"HPCAL1","N","Y","Y","N","N","N","Y",2
"HSPA5","Y","N","N","Y","N","Y","N",4
"HSPG2","Y","N","Y","N","N","N","Y",3
"IER3","N","N","Y","N","N","N","Y",1
"IL1RL1","N","N","N","N","N","N","N",1
"IMPDH2","N","N","N","N","N","N","N",0
"ITGB1","Y","N","Y","N","N","N","Y",3
"JSRP1","N","N","N","N","N","N","N",0
"KCNIP4","N","N","Y","N","N","Y","Y",2
"KIF23","N","N","N","N","N","N","N",0
"KLF4","N","N","Y","N","N","Y","Y",3
"LIMS2","N","N","N","N","N","N","N",1
"MAD2L2","N","N","N","N","N","N","N",0
"MADD","N","Y","Y","N","N","N","Y",3
"MAPK7","Y","N","Y","N","N","N","Y",3
"MAPKAPK2","Y","Y","Y","N","N","N","Y",4
"MAPRE2","N","N","Y","N","N","Y","Y",3
"MAPT","Y","N","N","Y","Y","N","N",4
"MARK4","Y","N","Y","N","N","N","Y",3
"MEF2D","N","Y","N","N","Y","N","N",3
"MFSD3","N","Y","N","N","N","N","N",1
"MKL1","Y","N","N","N","N","N","N",2
"MOV10","N","N","Y","N","N","N","Y",1
"MPDZ","N","N","Y","N","N","N","Y",1
"MPRIP","N","N","Y","N","N","N","Y",1
"MS4A2","Y","N","N","N","N","N","N",2
"MYO1E","N","N","Y","Y","Y","N","Y",3
"NCS1","Y","N","Y","N","N","N","Y",3
"NCSTN","N","N","N","Y","N","N","N",2
"NPHP1","N","N","N","N","N","N","N",1
"NQO2","Y","N","Y","N","N","N","Y",3
"ODF4","N","N","N","N","N","N","N",0
"OPA1","N","N","Y","N","N","N","Y",1
"ORMDL1","N","N","N","N","N","N","N",0
"ORMDL3","N","N","N","N","N","N","N",0
"P2RX7","N","Y","Y","N","N","Y","Y",4
"PAK2","Y","Y","Y","N","N","N","Y",4
"PDE1A","Y","Y","Y","N","N","Y","Y",5
"PICALM","N","N","N","N","Y","N","N",2
"PIP5K1C","Y","N","Y","Y","N","N","Y",3
"PLEC","N","Y","N","Y","N","Y","N",3
"PRKY","N","N","Y","N","N","N","Y",1
"PTGDR","Y","N","N","N","N","N","N",2
"PTK2B","Y","Y","Y","N","N","N","Y",4
"PTPMT1","N","N","N","N","Y","N","N",2
"PVRL2","N","N","N","N","N","N","N",1
"PXN","N","Y","Y","N","N","N","Y",2
"QTRT1","N","N","N","N","N","N","N",0
"RALGPS1","N","N","N","N","Y","N","N",1
"RHEB","N","N","N","N","N","Y","N",2
"RNF185","N","N","N","N","N","N","N",0
"ROBO3","N","N","N","N","N","N","N",0
"RUNX1T1","N","N","N","N","N","N","N",1
"SCD","N","N","N","N","N","N","N",1
"SCYL2","N","N","N","N","N","N","N",0
"SEC22A","N","Y","N","N","N","N","N",1
"SF3B1","N","N","Y","Y","N","N","Y",2
"SH3BP5","N","N","Y","N","N","N","Y",2
"SIK1","Y","N","N","N","N","N","N",2
"SLC1A5","Y","N","Y","Y","N","N","Y",3
"SLC25A10","Y","N","N","N","N","N","N",2
"SLC38A2","N","Y","Y","N","N","Y","Y",3
"SPEN","N","N","Y","N","N","N","Y",2
"SPRED2","N","N","N","N","N","Y","N",2
"STAM","N","Y","Y","N","N","N","Y",2
"STAU1","N","N","N","N","N","N","N",0
"SYN1","N","Y","N","Y","N","N","N",3
"TANC1","N","N","Y","N","N","Y","Y",2
"TCOF1","N","N","Y","N","N","N","Y",1
"TGFB2","N","Y","N","N","N","Y","N",3
"THRAP3","N","N","N","N","N","N","N",0
"TIMM50","N","Y","Y","N","N","N","Y",2
"TMEM17","N","Y","Y","N","N","N","Y",2
"TMEM43","N","N","Y","N","N","N","Y",1
"TNK2","Y","N","N","N","N","N","N",1
"TNS3","N","Y","N","N","Y","N","N",2
"TOMM40","N","N","Y","N","N","N","Y",2
"TOP1","Y","N","N","N","Y","N","N",3
"TRAM1","N","N","Y","N","N","N","Y",1
"TSNARE1","N","N","Y","N","N","N","Y",1
"TSPAN5","N","Y","Y","N","N","N","Y",2
"TXLNG","N","N","N","N","N","N","N",0
"TXNDC5","N","N","N","N","N","N","N",0
"VAV1","N","N","N","Y","N","N","N",2
"VSNL1","N","Y","Y","Y","N","Y","Y",5
"WDFY3","N","N","N","N","N","N","N",0
"YBX1","N","N","Y","N","N","N","Y",2
"YEATS4","N","Y","N","N","N","N","N",1
"YOD1","N","N","Y","N","N","Y","Y",2
"ZDHHC7","N","N","N","N","N","N","N",0
