,AP_1,AP_2,AP_3,AP_4,AP_5,AP_6,AP_7,AP_8,AP_9,AP_10,AP_11,AP_12,AP_13,AP_14,AP_15,AP_16,AP_17,AP_18,AP_19,AP_20,AP_21,AP_22,AP_23,AP_24,AP_25,AP_26,AP_27,AP_28,AP_29,AP_30,AP_31,AP_32,AP_33,AP_34,AP_35,AP_36,AP_37,AP_38,AP_39,AP_40,AP_41,AP_42,AP_43,AP_44,AP_45,AP_46,AP_47,AP_48,AP_49,AP_50,AP_51,AP_52,AP_53,AP_54,AP_55,AP_56,AP_57,AP_58,AP_59,AP_60,AP_61,AP_62,AP_63,AP_64,AP_65,AP_66,AP_67,AP_68,AP_69,AP_70,AP_71,AP_72,AP_73,AP_74,AP_75,AP_76,AP_77,AP_78,AP_79,AP_80,AP_81,AP_82,AP_83,AP_84,AP_85,AP_86,AP_87,AP_88,AP_89,AP_90,AP_91,AP_92,AP_93,AP_94,AP_95,AP_96,AP_97,AP_98,AP_99,AP_100
HOXA1,0.1817652,0.2253136,0.2620303,0.2917872,0.3481763,0.3944947,0.4528311,0.4866057,0.5155738,0.5431547,0.5673904,0.5514105,0.5584421,0.5527534,0.5050361,0.4821797,0.4490844,0.3841101,0.3618142,0.2945058,0.2669556,0.2130770,0.1643920,0.1310187,0.1185626,0.0841901,0.0766207,0.0620520,0.0458416,0.0448603,0.0326865,0.0243226,0.0235414,0.0094349,0.0253810,0.0121978,0.0251338,0.0080892,0.0236613,0.0213841,0.0019772,0.0226740,0.0057589,0.0020971,0.0183729,0.0242844,0.0039875,0.0174082,0.0037967,0.0155043,0.0208775,0.0118407,0.0173122,0.0229652,0.0096258,0.0041214,0.0225919,0.0097527,0.0005543,0.0186954,0.0223328,0.0199072,0.0083892,0.0219308,0.0097859,0.0181828,0.0074168,0.0211901,0.0000087,0.0181288,0.0188972,0.0110659,0.0164099,0.0187299,0.0009658,0.0209270,0.0135835,0.0098196,0.0049084,0.0198414,0.0162696,0.0204587,0.0225120,0.0069656,0.0006326,0.0049573,0.0138379,0.0161222,0.0123330,0.0091039,0.0189635,0.0173484,0.0200075,0.0020676,0.0211814,0.0114602,0.0214819,0.0248194,0.0244737,0.0148270
HOXA2,0.2294256,0.2608455,0.3098781,0.3673908,0.3897943,0.4334875,0.4859365,0.5235929,0.5697229,0.6062070,0.6255905,0.6676244,0.6654458,0.6864935,0.6924712,0.6638380,0.6626181,0.6419449,0.6161130,0.5858678,0.5271751,0.5049001,0.4671336,0.4032437,0.3704855,0.3217972,0.2817272,0.2458122,0.2162623,0.1713442,0.1566006,0.1357292,0.1057820,0.0742849,0.0628536,0.0469749,0.0502301,0.0283678,0.0341714,0.0364368,0.0243188,0.0286235,0.0109843,0.0175446,0.0043758,0.0205020,0.0092739,0.0253243,0.0229451,0.0032858,0.0110406,0.0078027,0.0223377,0.0193285,0.0003621,0.0225402,0.0101437,0.0039613,0.0108670,0.0178981,0.0187277,0.0151655,0.0019777,0.0195140,0.0068731,0.0203970,0.0051403,0.0044147,0.0214502,0.0026575,0.0147859,0.0137156,0.0028709,0.0027375,0.0202878,0.0192231,0.0136715,0.0227602,0.0174257,0.0211011,0.0015618,0.0178987,0.0026629,0.0064040,0.0240049,0.0216704,0.0053035,0.0189770,0.0171289,0.0236428,0.0162640,0.0203495,0.0037777,0.0237250,0.0091554,0.0041148,0.0061130,0.0069662,0.0063158,0.0045974
HOXA3,0.2877573,0.3272723,0.3598513,0.4071398,0.4487723,0.4917082,0.5247348,0.5860413,0.6290717,0.6440676,0.6967333,0.7301268,0.7419299,0.7785536,0.7983303,0.7903318,0.8139362,0.7984223,0.8016674,0.7881420,0.7716977,0.7286622,0.7030662,0.6864468,0.6260065,0.5924313,0.5637565,0.5273888,0.4664956,0.4328028,0.3992003,0.3410223,0.3102958,0.2721414,0.2340457,0.2247970,0.1766257,0.1480976,0.1465259,0.1172225,0.1014530,0.0796607,0.0633092,0.0729049,0.0405380,0.0455935,0.0380794,0.0353227,0.0273847,0.0192791,0.0341627,0.0159438,0.0111271,0.0131382,0.0141714,0.0116225,0.0078908,0.0064689,0.0170175,0.0220175,0.0010942,0.0054621,0.0098096,0.0200336,0.0117256,0.0208481,0.0063591,0.0064416,0.0201145,0.0058246,0.0222488,0.0092314,0.0202055,0.0138530,0.0182728,0.0154488,0.0134498,0.0158269,0.0188163,0.0206462,0.0063636,0.0009550,0.0054875,0.0135006,0.0169541,0.0006448,0.0143001,0.0181033,0.0236598,0.0152353,0.0167044,0.0123913,0.0000095,0.0037346,0.0086282,0.0134181,0.0137927,0.0236465,0.0136571,0.0063044
HOXA4,0.3505173,0.3857564,0.4200276,0.4627881,0.5092409,0.5346764,0.5936640,0.6222604,0.6698799,0.7127021,0.7361972,0.7741143,0.8058403,0.8289309,0.8741914,0.8914670,0.9137947,0.9208147,0.9229819,0.9261478,0.9109331,0.9041839,0.8987060,0.8783955,0.8708387,0.8231105,0.7991903,0.7596579,0.7280073,0.7048090,0.6650385,0.6231903,0.5712732,0.5329836,0.4949961,0.4645932,0.4139076,0.3790998,0.3482476,0.3145598,0.2806259,0.2537921,0.2094271,0.2048182,0.1662003,0.1450182,0.1383116,0.1061395,0.0913101,0.0895874,0.0709148,0.0591590,0.0547432,0.0403696,0.0400493,0.0381562,0.0299596,0.0342555,0.0365546,0.0134902,0.0269981,0.0259598,0.0153625,0.0214235,0.0194738,0.0116645,0.0020056,0.0173726,0.0196402,0.0197480,0.0172171,0.0216425,0.0243808,0.0099341,0.0066841,0.0179715,0.0081203,0.0119700,0.0186155,0.0132581,0.0121403,0.0244156,0.0089614,0.0166606,0.0134083,0.0023643,0.0056090,0.0085661,0.0032468,0.0104266,0.0053791,0.0156174,0.0168616,0.0152588,0.0164960,0.0130178,0.0236824,0.0059253,0.0212228,0.0221096
HOXA5,0.4045435,0.4556575,0.4704327,0.5178429,0.5486664,0.5997642,0.6375289,0.6855304,0.7079818,0.7556987,0.8070761,0.8196661,0.8564278,0.8967328,0.9246497,0.9435828,0.9765161,1.0110095,1.0204433,1.0246089,1.0444794,1.0424067,1.0535109,1.0336355,1.0290789,1.0161653,1.0024964,0.9694834,0.9455254,0.9405693,0.8990037,0.8608042,0.8255935,0.7887547,0.7556312,0.7200003,0.6749924,0.6358524,0.5998112,0.5676819,0.5239625,0.4713707,0.4468265,0.4119577,0.3861953,0.3513336,0.3215377,0.2807313,0.2664673,0.2269005,0.1997530,0.1803260,0.1639662,0.1428513,0.1347079,0.1135377,0.1094483,0.0848718,0.0716315,0.0568746,0.0572085,0.0596826,0.0355468,0.0483509,0.0402506,0.0359707,0.0396992,0.0389551,0.0268366,0.0161207,0.0210760,0.0215963,0.0262040,0.0263913,0.0078999,0.0145818,0.0231587,0.0020936,0.0134624,0.0146114,0.0071550,0.0019590,0.0191103,0.0243078,0.0117632,0.0175181,0.0015755,0.0178938,0.0218303,0.0028498,0.0048446,0.0054643,0.0232959,0.0138455,0.0147074,0.0052056,0.0183645,0.0093754,0.0145271,0.0206985
HOXA7,0.0128666,0.0227944,0.0293423,0.0328860,0.0326632,0.0408079,0.0602759,0.0745039,0.1041142,0.1369130,0.1690399,0.2192688,0.2814104,0.3325694,0.4243343,0.4995369,0.5994284,0.7115422,0.8043493,0.8842116,0.9734775,1.0618161,1.1078587,1.1389788,1.1621042,1.1613795,1.1235099,1.0731154,1.0074976,0.9353768,0.8212990,0.7449156,0.6390710,0.5508579,0.4487344,0.3613253,0.2937069,0.2298780,0.1794902,0.1370103,0.1176108,0.0743169,0.0680382,0.0574349,0.0356090,0.0300512,0.0151440,0.0068596,0.0041738,0.0254243,0.0231484,0.0068535,0.0237721,0.0099629,0.0210569,0.0241543,0.0098392,0.0002403,0.0014583,0.0087088,0.0003139,0.0067554,0.0145404,0.0146639,0.0003764,0.0133268,0.0053632,0.0053779,0.0076689,0.0195061,0.0180385,0.0003153,0.0180280,0.0154772,0.0131539,0.0170253,0.0097266,0.0235930,0.0200897,0.0009360,0.0171196,0.0156318,0.0141241,0.0066661,0.0160075,0.0242580,0.0243283,0.0167013,0.0214423,0.0211754,0.0118046,0.0226460,0.0128725,0.0003861,0.0058022,0.0151041,0.0000115,0.0175370,0.0070324,0.0205820
HOXA9,0.0413370,0.0270136,0.0533213,0.0685007,0.0749415,0.0817438,0.1121781,0.1364987,0.1754918,0.1965549,0.2538860,0.2923629,0.3660557,0.4339738,0.4898615,0.5801214,0.6399850,0.7338233,0.8150758,0.8955230,0.9807061,1.0557854,1.1153719,1.1882816,1.2234692,1.2554865,1.2793502,1.2843363,1.2617191,1.2570735,1.2135564,1.1520156,1.1026101,1.0137648,0.9543407,0.8718967,0.7866693,0.7023130,0.6156211,0.5373256,0.4659804,0.3994484,0.3274593,0.2783609,0.2347218,0.2012069,0.1628451,0.1321930,0.1005040,0.0812685,0.0536062,0.0483313,0.0377879,0.0373958,0.0284374,0.0328240,0.0243980,0.0105547,0.0139443,0.0112509,0.0218928,0.0215656,0.0049890,0.0108379,0.0030233,0.0104467,0.0075935,0.0064784,0.0047608,0.0208360,0.0180130,0.0109437,0.0089247,0.0057819,0.0249343,0.0138055,0.0085239,0.0173357,0.0047216,0.0073690,0.0170002,0.0236227,0.0080013,0.0187168,0.0151736,0.0248288,0.0104927,0.0018591,0.0063349,0.0027357,0.0176581,0.0040833,0.0073007,0.0213103,0.0171040,0.0240458,0.0120966,0.0128222,0.0044454,0.0087241
HOXA10,0.0275726,0.0295394,0.0365866,0.0449037,0.0551979,0.0566414,0.0770178,0.0943617,0.1134835,0.1179316,0.1504349,0.1671211,0.1727800,0.1937098,0.2239206,0.2583995,0.2828620,0.3163404,0.3472257,0.3752508,0.3963578,0.4181293,0.4669590,0.4781256,0.5002398,0.5331935,0.5346303,0.5499553,0.5594020,0.5667882,0.5721621,0.5569213,0.5504692,0.5240170,0.5226909,0.5093234,0.4792788,0.4520208,0.4217376,0.4020780,0.3717295,0.3352184,0.3174093,0.2739071,0.2508225,0.2149300,0.2083577,0.1876221,0.1484381,0.1445211,0.1171229,0.1066405,0.0756600,0.0828311,0.0683676,0.0548584,0.0363617,0.0516301,0.0337952,0.0205571,0.0272999,0.0257718,0.0159961,0.0241803,0.0112248,0.0280933,0.0139563,0.0192344,0.0152833,0.0164525,0.0156219,0.0011310,0.0234339,0.0013139,0.0201561,0.0021877,0.0042952,0.0038214,0.0241036,0.0142434,0.0123115,0.0180346,0.0181626,0.0018340,0.0151350,0.0237552,0.0039444,0.0211501,0.0082653,0.0151543,0.0235056,0.0195308,0.0044664,0.0039385,0.0160229,0.0136965,0.0030049,0.0170239,0.0020628,0.0151083
HOXA11,0.0447175,0.0561281,0.0735427,0.0844057,0.1003098,0.0914119,0.1266535,0.1257305,0.1472137,0.1756087,0.1983756,0.2014226,0.2265315,0.2497759,0.2789756,0.3020384,0.3309679,0.3578534,0.3931805,0.4320096,0.4638152,0.5008481,0.5263281,0.5340024,0.5728755,0.6014040,0.6204215,0.6336707,0.6478141,0.6705234,0.6684053,0.6742374,0.6744032,0.6712601,0.6712081,0.6639181,0.6655124,0.6273272,0.6309930,0.6013232,0.5747683,0.5510014,0.5246970,0.4964971,0.4596445,0.4236490,0.4132801,0.3651945,0.3502426,0.3091476,0.2814610,0.2588829,0.2253093,0.2109911,0.1805000,0.1772937,0.1487830,0.1284493,0.1056256,0.1085525,0.0917466,0.0670609,0.0631520,0.0568058,0.0538603,0.0555810,0.0447933,0.0414001,0.0213439,0.0242502,0.0325974,0.0183269,0.0203121,0.0092443,0.0131139,0.0182348,0.0249520,0.0150041,0.0168655,0.0253365,0.0233585,0.0160441,0.0084193,0.0037644,0.0134011,0.0158506,0.0158546,0.0129282,0.0010138,0.0005374,0.0014934,0.0246723,0.0166916,0.0095504,0.0068307,0.0233963,0.0081062,0.0131245,0.0130807,0.0029159
HOXA13,0.0858894,0.0871772,0.1075519,0.1185695,0.1145323,0.1404747,0.1507498,0.1694645,0.1826348,0.2078873,0.2424248,0.2499540,0.2873709,0.3069904,0.3496733,0.3682979,0.3878897,0.4305386,0.4469370,0.4875830,0.5262208,0.5462538,0.5901197,0.5966415,0.6380946,0.6563163,0.6957631,0.7167968,0.7374475,0.7506709,0.7638871,0.7743421,0.7902658,0.8035443,0.8067894,0.7968217,0.8002420,0.8024557,0.7916689,0.7641656,0.7498668,0.7489190,0.7260543,0.6910292,0.6828967,0.6467525,0.6129690,0.5946438,0.5553973,0.5287731,0.4972318,0.4608578,0.4309515,0.4009849,0.3896152,0.3570091,0.3297339,0.3014573,0.2748275,0.2482889,0.2348109,0.2091049,0.1848671,0.1751732,0.1532138,0.1235587,0.1047874,0.1075816,0.0947163,0.0728370,0.0764054,0.0759839,0.0492054,0.0603998,0.0470085,0.0405800,0.0310558,0.0198566,0.0366000,0.0381365,0.0181509,0.0239843,0.0271860,0.0166210,0.0228915,0.0069419,0.0043249,0.0135641,0.0219453,0.0090298,0.0056278,0.0060295,0.0015592,0.0050886,0.0129137,0.0095402,0.0009608,0.0095297,0.0196479,0.0212698
HOXB1,0.0036052,0.0225222,0.0100107,0.0060842,0.0114428,0.0035721,0.0196990,0.0144062,0.0212765,0.0186741,0.0139760,0.0018733,0.0032963,0.0184194,0.0175177,0.0125264,0.0161110,0.0341494,0.0425348,0.0354968,0.0523572,0.0763917,0.0951008,0.1253274,0.1565378,0.2123590,0.2685717,0.3347273,0.3949584,0.4739561,0.5542889,0.6274627,0.6955194,0.7624542,0.8166389,0.8630256,0.9093826,0.9229630,0.9303477,0.8902310,0.8644665,0.8018502,0.7464264,0.6822268,0.5899635,0.5162274,0.4314277,0.3643982,0.3136818,0.2445106,0.1945431,0.1644220,0.1063581,0.1030426,0.0778972,0.0461609,0.0435122,0.0387286,0.0358631,0.0322360,0.0202077,0.0162492,0.0089689,0.0170949,0.0249053,0.0087664,0.0014832,0.0116090,0.0008910,0.0115320,0.0173941,0.0222324,0.0110156,0.0160039,0.0155057,0.0049429,0.0144526,0.0040202,0.0224424,0.0196704,0.0091492,0.0092579,0.0101752,0.0168748,0.0023805,0.0036766,0.0089868,0.0216516,0.0194069,0.0027924,0.0016822,0.0247630,0.0220288,0.0191850,0.0248768,0.0070382,0.0191084,0.0028694,0.0054045,0.0212224
HOXB2,0.0126436,0.0169094,0.0174312,0.0227088,0.0131585,0.0188351,0.0201253,0.0218995,0.0048249,0.0253692,0.0129731,0.0283936,0.0141617,0.0204993,0.0207926,0.0498831,0.0407309,0.0520564,0.0715538,0.0848168,0.1116886,0.1360352,0.1575568,0.1942196,0.2498584,0.2978254,0.3261443,0.3981525,0.4451701,0.5077459,0.5812094,0.6447644,0.7197222,0.7814069,0.8431052,0.9080485,0.9603374,0.9790228,1.0199612,1.0404022,1.0347199,1.0370462,1.0171018,1.0000767,0.9546239,0.9035911,0.8445501,0.7774144,0.7095821,0.6533007,0.5851171,0.5073500,0.4524449,0.3943892,0.3426533,0.2760748,0.2279093,0.1950472,0.1625207,0.1329274,0.1051128,0.0794224,0.0789332,0.0454390,0.0480756,0.0297316,0.0292849,0.0137466,0.0315500,0.0087330,0.0180604,0.0188884,0.0208096,0.0051004,0.0178946,0.0235111,0.0146806,0.0147136,0.0079769,0.0182160,0.0141122,0.0038806,0.0034499,0.0229991,0.0038559,0.0249889,0.0001556,0.0189980,0.0234756,0.0223047,0.0146801,0.0081332,0.0069360,0.0069480,0.0188157,0.0096587,0.0097379,0.0210061,0.0101074,0.0193609
HOXB3,0.0024094,0.0174133,0.0030531,0.0153967,0.0153465,0.0272689,0.0111634,0.0153215,0.0336009,0.0227438,0.0227993,0.0381933,0.0533517,0.0600536,0.0552577,0.0753257,0.0971987,0.1060246,0.1240817,0.1537722,0.1620157,0.1992887,0.2201873,0.2631897,0.3165013,0.3566831,0.4012839,0.4465841,0.5097745,0.5764106,0.6252117,0.6802651,0.7630338,0.8031802,0.8846997,0.9390663,0.9771389,1.0367552,1.0803262,1.1031467,1.1232034,1.1396080,1.1617342,1.1617630,1.1654168,1.1344922,1.1017278,1.0850913,1.0476633,0.9919234,0.9435032,0.8775070,0.8216127,0.7664127,0.7001604,0.6383268,0.5941542,0.5314129,0.4586826,0.4247888,0.3766826,0.3218096,0.2879605,0.2439107,0.1949453,0.1705126,0.1479340,0.1221974,0.1011096,0.0977065,0.0827490,0.0515255,0.0545524,0.0352051,0.0485990,0.0222352,0.0169891,0.0232876,0.0219835,0.0175660,0.0166065,0.0092825,0.0042261,0.0176513,0.0124087,0.0143362,0.0068823,0.0125900,0.0020025,0.0114347,0.0047353,0.0177440,0.0047119,0.0152742,0.0082194,0.0236752,0.0199269,0.0247585,0.0149673,0.0062470
HOXB4,0.0254349,0.0090834,0.0238397,0.0113741,0.0322221,0.0391990,0.0198471,0.0252412,0.0376645,0.0461186,0.0634299,0.0597445,0.0678752,0.0920634,0.1016520,0.1124824,0.1308346,0.1563570,0.1670820,0.1978582,0.2329744,0.2613898,0.3014336,0.3298520,0.3890399,0.4160478,0.4634516,0.5268464,0.5704839,0.6189546,0.6719262,0.7418540,0.8013208,0.8497124,0.9041832,0.9531191,1.0074192,1.0667153,1.1085478,1.1439868,1.1886944,1.2114165,1.2528338,1.2634090,1.2713474,1.2791420,1.2761780,1.2758690,1.2673387,1.2363314,1.2021830,1.1723404,1.1254871,1.0962535,1.0426619,0.9826758,0.9245246,0.8807663,0.8210608,0.7665034,0.7139670,0.6390359,0.5962749,0.5543288,0.4872004,0.4496184,0.3944341,0.3517005,0.3173883,0.2682447,0.2456858,0.2261530,0.1847102,0.1735613,0.1374604,0.1272725,0.1065230,0.0797473,0.0703464,0.0620966,0.0586216,0.0479164,0.0362448,0.0478439,0.0264643,0.0381270,0.0226376,0.0206790,0.0220815,0.0146943,0.0107447,0.0061160,0.0136146,0.0156409,0.0060473,0.0170974,0.0011509,0.0092018,0.0029209,0.0010133
HOXB5,0.0294941,0.0165536,0.0159795,0.0237721,0.0147086,0.0286447,0.0209558,0.0340706,0.0393538,0.0483904,0.0453162,0.0431688,0.0499475,0.0572494,0.0604701,0.0677746,0.0905415,0.0866130,0.1016917,0.1190393,0.1149459,0.1477789,0.1588267,0.1727514,0.1895105,0.2075750,0.2127431,0.2349600,0.2639045,0.2666051,0.2982750,0.3259244,0.3507542,0.3533974,0.3706780,0.4117949,0.4163977,0.4506826,0.4689004,0.4785805,0.4933017,0.5182492,0.5123256,0.5428180,0.5477797,0.5520330,0.5660317,0.5622699,0.5569088,0.5673150,0.5589810,0.5425393,0.5490157,0.5327252,0.5324762,0.5130670,0.4956161,0.4633475,0.4468800,0.4457361,0.4273921,0.3996551,0.3648361,0.3661191,0.3244592,0.3222140,0.2986836,0.2642550,0.2401096,0.2289101,0.2109531,0.2055117,0.1795789,0.1601528,0.1542327,0.1249568,0.1202116,0.1124507,0.1006338,0.0742811,0.0841142,0.0640788,0.0650171,0.0618880,0.0534214,0.0471394,0.0481945,0.0428016,0.0399159,0.0186032,0.0223534,0.0275242,0.0126489,0.0114629,0.0151707,0.0270425,0.0165050,0.0125483,0.0138688,0.0174789
HOXB6,0.0161532,0.0115632,0.0040433,0.0061648,0.0073465,0.0185494,0.0117023,0.0164721,0.0070430,0.0249733,0.0185921,0.0094580,0.0053710,0.0104969,0.0105761,0.0155306,0.0230708,0.0001789,0.0151417,0.0068196,0.0112205,0.0127842,0.0133504,0.0249236,0.0238395,0.0084969,0.0030733,0.0088730,0.0085730,0.0237002,0.0203561,0.0374419,0.0252302,0.0533920,0.0583363,0.0652428,0.0944827,0.1083021,0.1443180,0.2002650,0.2364976,0.2760702,0.3465765,0.4019435,0.4483909,0.5029641,0.5592379,0.5957695,0.6444329,0.6636027,0.6925516,0.6785950,0.6757150,0.6325471,0.5958094,0.5633469,0.4975528,0.4438498,0.3994095,0.3502801,0.2735516,0.2364609,0.1825235,0.1598329,0.1328587,0.1033694,0.0640435,0.0493062,0.0542904,0.0277024,0.0238779,0.0217027,0.0258314,0.0160827,0.0048781,0.0084315,0.0176859,0.0251552,0.0029084,0.0079406,0.0178907,0.0050543,0.0031720,0.0165795,0.0144613,0.0082661,0.0198686,0.0016323,0.0238763,0.0049290,0.0127622,0.0202977,0.0142602,0.0073944,0.0182484,0.0097720,0.0162841,0.0162702,0.0118598,0.0027243
HOXB7,0.0205287,0.0121757,0.0125303,0.0142223,0.0130738,0.0062506,0.0157800,0.0104918,0.0198100,0.0027087,0.0093105,0.0037859,0.0063207,0.0007429,0.0019991,0.0097752,0.0028253,0.0057958,0.0198511,0.0030287,0.0042828,0.0169580,0.0146864,0.0210286,0.0249906,0.0257316,0.0163468,0.0286577,0.0331050,0.0293181,0.0466588,0.0550421,0.0733402,0.0954321,0.0985799,0.1251872,0.1555078,0.1749998,0.2256690,0.2569259,0.2978130,0.3528971,0.3901066,0.4349472,0.5050958,0.5548802,0.6047947,0.6413231,0.6954300,0.7347075,0.7682069,0.7844624,0.7962999,0.8099521,0.7938569,0.7951013,0.7622907,0.7279371,0.6979408,0.6592878,0.5979803,0.5596995,0.5072041,0.4610915,0.4042239,0.3646443,0.3207462,0.2597847,0.2256700,0.1874951,0.1537677,0.1438556,0.1203850,0.0978391,0.0769344,0.0501629,0.0466288,0.0518447,0.0451873,0.0259999,0.0251443,0.0189925,0.0266814,0.0075201,0.0259633,0.0190254,0.0180583,0.0086725,0.0161896,0.0090173,0.0155843,0.0139870,0.0185674,0.0205681,0.0043836,0.0020029,0.0145686,0.0157808,0.0138794,0.0070608
HOXB8,0.0125256,0.0134916,0.0027165,0.0067272,0.0172959,0.0094907,0.0121770,0.0171192,0.0110657,0.0023119,0.0173587,0.0161210,0.0128364,0.0076829,0.0085971,0.0081854,0.0027086,0.0263645,0.0046325,0.0174899,0.0123738,0.0212097,0.0339822,0.0235165,0.0416470,0.0421107,0.0531217,0.0452066,0.0464277,0.0610289,0.0781248,0.0905455,0.1178508,0.1416277,0.1439089,0.1884954,0.2000086,0.2364686,0.2710130,0.3190467,0.3588427,0.4116685,0.4397260,0.4858133,0.5340717,0.5901431,0.6335445,0.6953882,0.7348473,0.7709301,0.8070990,0.8392513,0.8658374,0.9061585,0.9206446,0.9296803,0.9220908,0.9261487,0.9117246,0.8822480,0.8503986,0.8268716,0.7960097,0.7489423,0.6987166,0.6608866,0.6131129,0.5667692,0.5227369,0.4699215,0.4330617,0.3821334,0.3425770,0.2937235,0.2487180,0.2383980,0.1902449,0.1595281,0.1430362,0.1171294,0.1032489,0.0900807,0.0620471,0.0737400,0.0516728,0.0539839,0.0456832,0.0286732,0.0388012,0.0367135,0.0262968,0.0167767,0.0156328,0.0052087,0.0081626,0.0036744,0.0265788,0.0219785,0.0235728,0.0210209
HOXB9,0.0055773,0.0006059,0.0170980,0.0143340,0.0186218,0.0040629,0.0232005,0.0190197,0.0144677,0.0163646,0.0120385,0.0229412,0.0187003,0.0267316,0.0107614,0.0130428,0.0146912,0.0100258,0.0136112,0.0361396,0.0287382,0.0308533,0.0355492,0.0440684,0.0465586,0.0715149,0.0741292,0.0820704,0.1042941,0.0975323,0.1288623,0.1448254,0.1698465,0.1933398,0.2220409,0.2466091,0.2679012,0.2960152,0.3490038,0.3687700,0.4215457,0.4697204,0.5133893,0.5365510,0.5978197,0.6402390,0.6736877,0.7215995,0.7866800,0.8184399,0.8706084,0.9089198,0.9346523,0.9618664,0.9911701,1.0020180,1.0181964,1.0300871,1.0354932,1.0333450,1.0320466,1.0144850,1.0141341,0.9731888,0.9479885,0.9378773,0.8957431,0.8488745,0.8043283,0.7562432,0.7210650,0.6776042,0.6335777,0.5894414,0.5385432,0.4869992,0.4463327,0.4063630,0.3595651,0.3213390,0.2956823,0.2543919,0.2450471,0.2004160,0.1874025,0.1568286,0.1476491,0.1272037,0.1045742,0.0835302,0.0790769,0.0618070,0.0561174,0.0469913,0.0457269,0.0499920,0.0303463,0.0291012,0.0193117,0.0152573
HOXC4,0.0252118,0.0057920,0.0203971,0.0149395,0.0122073,0.0231251,0.0093189,0.0119748,0.0118460,0.0195656,0.0147667,0.0201153,0.0309834,0.0334603,0.0323431,0.0206489,0.0277988,0.0421739,0.0301676,0.0526026,0.0568043,0.0631894,0.0703757,0.0604266,0.0716153,0.0842834,0.1128223,0.1219344,0.1455675,0.1404590,0.1816982,0.1828602,0.2051515,0.2497581,0.2603866,0.2856847,0.3169476,0.3664112,0.4001781,0.4409037,0.4840975,0.5105201,0.5684112,0.5943031,0.6427954,0.6968035,0.7275238,0.7890369,0.8133384,0.8572425,0.9099244,0.9581405,0.9752240,1.0112727,1.0512443,1.0773684,1.1121831,1.1336503,1.1399655,1.1650490,1.1682776,1.1548590,1.1531080,1.1626998,1.1428637,1.1292854,1.1022943,1.0895634,1.0478167,1.0090903,0.9909340,0.9612438,0.9137171,0.8611531,0.8281301,0.7724906,0.7414069,0.6818786,0.6457702,0.6141655,0.5710800,0.5237462,0.4679583,0.4477338,0.4113891,0.3713913,0.3338122,0.3019238,0.2787538,0.2445769,0.2077375,0.1989852,0.1819764,0.1419602,0.1295215,0.1292288,0.1068477,0.0866981,0.0856861,0.0785264
HOXC5,0.0066366,0.0034024,0.0154624,0.0058134,0.0155835,0.0068925,0.0031569,0.0142562,0.0224361,0.0191674,0.0189841,0.0112905,0.0218927,0.0247580,0.0102718,0.0027525,0.0077531,0.0170120,0.0214398,0.0207782,0.0145007,0.0183629,0.0037383,0.0018993,0.0222257,0.0205838,0.0223583,0.0207684,0.0036164,0.0162350,0.0125589,0.0001402,0.0166684,0.0049019,0.0185608,0.0253159,0.0041087,0.0112989,0.0163789,0.0241628,0.0286102,0.0198022,0.0253521,0.0181326,0.0343288,0.0551620,0.0804103,0.0916777,0.1178236,0.1636487,0.2087503,0.2634398,0.3297342,0.4115463,0.5220394,0.6066036,0.7292109,0.8190877,0.9333634,1.0373442,1.1124233,1.1966109,1.2489685,1.2674783,1.2732467,1.2680903,1.2087799,1.1533588,1.0679013,0.9643856,0.8736937,0.7640193,0.6499336,0.5448824,0.4609423,0.3535354,0.2941536,0.2346103,0.1806568,0.1219154,0.0901223,0.0718705,0.0656655,0.0460592,0.0304605,0.0240658,0.0152806,0.0093171,0.0098112,0.0268066,0.0130982,0.0096561,0.0198371,0.0227432,0.0132984,0.0206370,0.0029928,0.0196859,0.0019325,0.0172646
HOXC6,0.0000586,0.0092653,0.0011934,0.0047694,0.0055573,0.0241260,0.0111969,0.0213458,0.0034773,0.0182525,0.0201402,0.0045398,0.0145740,0.0235584,0.0049218,0.0127871,0.0143843,0.0046017,0.0178907,0.0025312,0.0167647,0.0097360,0.0156861,0.0170850,0.0009366,0.0058308,0.0241614,0.0001583,0.0008183,0.0058226,0.0003242,0.0138272,0.0253163,0.0199756,0.0168040,0.0131423,0.0083448,0.0159014,0.0215361,0.0310845,0.0191377,0.0171827,0.0277310,0.0459336,0.0493419,0.0514139,0.0676693,0.0708463,0.0869308,0.0962242,0.1242225,0.1462842,0.1877195,0.2018070,0.2446809,0.2763883,0.3039028,0.3488616,0.3721433,0.4124719,0.4464568,0.4773635,0.5165122,0.5316667,0.5548213,0.5543706,0.5715759,0.5715224,0.5597688,0.5346322,0.5270550,0.4997788,0.4649747,0.4420215,0.3973045,0.3671895,0.3155281,0.2987818,0.2512443,0.2325521,0.1995156,0.1734940,0.1351789,0.1254714,0.1069268,0.0702686,0.0669698,0.0451080,0.0430238,0.0326488,0.0404181,0.0184112,0.0128973,0.0163775,0.0253237,0.0103312,0.0201627,0.0084016,0.0170247,0.0152306
HOXC8,0.0057519,0.0058473,0.0184969,0.0217213,0.0124136,0.0011293,0.0017252,0.0193181,0.0242913,0.0116338,0.0206745,0.0017801,0.0106179,0.0152995,0.0211861,0.0066630,0.0217253,0.0098969,0.0248478,0.0190431,0.0120256,0.0224476,0.0188024,0.0127034,0.0138435,0.0237389,0.0094742,0.0008764,0.0036719,0.0195992,0.0148365,0.0204627,0.0078809,0.0254784,0.0245372,0.0138041,0.0302666,0.0158011,0.0181517,0.0233182,0.0467998,0.0408069,0.0431873,0.0639150,0.0672359,0.0894293,0.0882312,0.1229233,0.1406079,0.1622565,0.1894351,0.2067132,0.2310355,0.2637268,0.2865645,0.3344108,0.3725188,0.4091306,0.4261416,0.4690395,0.5050260,0.5311462,0.5740878,0.6084970,0.6342264,0.6419974,0.6545851,0.6654475,0.6721448,0.6898629,0.6738798,0.6802667,0.6464988,0.6509461,0.6131400,0.5861347,0.5681488,0.5271576,0.5063318,0.4652878,0.4387238,0.3900263,0.3587884,0.3314592,0.2783810,0.2680495,0.2169686,0.2037705,0.1823907,0.1407332,0.1306324,0.1011541,0.0844251,0.0942728,0.0741107,0.0593365,0.0479650,0.0342070,0.0254455,0.0360344
HOXC9,0.0095962,0.0236448,0.0200496,0.0236154,0.0189539,0.0135527,0.0046670,0.0017804,0.0045042,0.0211738,0.0138737,0.0235121,0.0224985,0.0165699,0.0073574,0.0068554,0.0199437,0.0207244,0.0131833,0.0238774,0.0022328,0.0096151,0.0026543,0.0072907,0.0031659,0.0221286,0.0063258,0.0083917,0.0201202,0.0179003,0.0302759,0.0250477,0.0126871,0.0330221,0.0355101,0.0384166,0.0339193,0.0402220,0.0560308,0.0445372,0.0737796,0.0650115,0.0816566,0.0842834,0.1168877,0.1213045,0.1512826,0.1567116,0.1802751,0.1986962,0.2388673,0.2467858,0.2738540,0.3191968,0.3375082,0.3794874,0.4160048,0.4540135,0.4768127,0.5155002,0.5631592,0.5849034,0.6203796,0.6505076,0.6899020,0.7142167,0.7435736,0.7643938,0.7860764,0.7902020,0.7949904,0.8066880,0.7903681,0.7891867,0.7853139,0.7763103,0.7572927,0.7287232,0.7291308,0.6942702,0.6511326,0.6423039,0.5973982,0.5705056,0.5258148,0.5001611,0.4513090,0.4250708,0.3766110,0.3600693,0.3303488,0.2808171,0.2565219,0.2261982,0.2143873,0.1806079,0.1724678,0.1523658,0.1369941,0.1069824
HOXC10,0.0212202,0.0214671,0.0160564,0.0236856,0.0014751,0.0070653,0.0218967,0.0173208,0.0054549,0.0124914,0.0174947,0.0126022,0.0217513,0.0101043,0.0193767,0.0167979,0.0085353,0.0104890,0.0152851,0.0025186,0.0075971,0.0190214,0.0053588,0.0118221,0.0066800,0.0144675,0.0198269,0.0306851,0.0254465,0.0286788,0.0280033,0.0312452,0.0424130,0.0325772,0.0511733,0.0536057,0.0470475,0.0716613,0.0693073,0.0864542,0.1036271,0.1138270,0.1215936,0.1276532,0.1615221,0.1732736,0.1971615,0.1980894,0.2300612,0.2569040,0.2733155,0.3121705,0.3367171,0.3629442,0.4028688,0.4430449,0.4689791,0.4982616,0.5439431,0.5657422,0.6136769,0.6494186,0.6910188,0.7196512,0.7522589,0.7662825,0.7986373,0.8207921,0.8528883,0.8796947,0.8824703,0.9081442,0.9023878,0.9275590,0.9305557,0.9243979,0.9145465,0.9144397,0.8911656,0.8786510,0.8654748,0.8362465,0.8095544,0.7843036,0.7558610,0.7367061,0.6875995,0.6567027,0.6304516,0.5829855,0.5523869,0.5302188,0.4838376,0.4430712,0.4166753,0.3881436,0.3624431,0.3109986,0.3053076,0.2567808
HOXD1,0.0084317,0.0079429,0.0220289,0.0070940,0.0081999,0.0027954,0.0049557,0.0081911,0.0186368,0.0227883,0.0009596,0.0123305,0.0228161,0.0081955,0.0039464,0.0201133,0.0169561,0.0155349,0.0099276,0.0111550,0.0006169,0.0222605,0.0116962,0.0192621,0.0222379,0.0173307,0.0208872,0.0022430,0.0156489,0.0034536,0.0098157,0.0147764,0.0014226,0.0179938,0.0238093,0.0158970,0.0232769,0.0010972,0.0066832,0.0136806,0.0119338,0.0106716,0.0058098,0.0223362,0.0049142,0.0168215,0.0059208,0.0237780,0.0174768,0.0130143,0.0161490,0.0147637,0.0223404,0.0054350,0.0128201,0.0220603,0.0238794,0.0341841,0.0545165,0.0515327,0.0767160,0.0862952,0.1372488,0.1677938,0.2123774,0.2730625,0.3367441,0.3976355,0.4726538,0.5733808,0.6487687,0.7423270,0.8155119,0.9123876,0.9540733,1.0185608,1.0456657,1.0463274,1.0190834,0.9958624,0.9472936,0.8897157,0.7968189,0.7280096,0.6302397,0.5359927,0.4658292,0.3664006,0.2971077,0.2371355,0.1950187,0.1571058,0.1220405,0.0884447,0.0549811,0.0409659,0.0297845,0.0210440,0.0212405,0.0095344
HOXD3,0.0131816,0.0244824,0.0026467,0.0073181,0.0208352,0.0126529,0.0086756,0.0105518,0.0091511,0.0202286,0.0164391,0.0103384,0.0184418,0.0090141,0.0228932,0.0148389,0.0205732,0.0115040,0.0219852,0.0071308,0.0002806,0.0160003,0.0173178,0.0062471,0.0186141,0.0194844,0.0083294,0.0045526,0.0225776,0.0098327,0.0079501,0.0223554,0.0247156,0.0092504,0.0237579,0.0059699,0.0192657,0.0143643,0.0154822,0.0030577,0.0202353,0.0093991,0.0209621,0.0149517,0.0059037,0.0147077,0.0239957,0.0229474,0.0199436,0.0295806,0.0200311,0.0160306,0.0137697,0.0273764,0.0250867,0.0575644,0.0491682,0.0759542,0.0912957,0.1026555,0.1375120,0.1624732,0.2042299,0.2427356,0.2992704,0.3522168,0.4140131,0.4751438,0.5395309,0.6088951,0.6979383,0.7575950,0.8442263,0.9100195,0.9671929,1.0280522,1.0799905,1.1157000,1.1588164,1.1518318,1.1592109,1.1500374,1.1143037,1.0876454,1.0331269,0.9829659,0.9135718,0.8406518,0.7568273,0.6911704,0.6097957,0.5421508,0.4553244,0.4139205,0.3472740,0.2997284,0.2523177,0.2050708,0.1561890,0.1295997
HOXD4,0.0205691,0.0181784,0.0228356,0.0086744,0.0202674,0.0016748,0.0079422,0.0014817,0.0125443,0.0082467,0.0016501,0.0052135,0.0191812,0.0056369,0.0072409,0.0205366,0.0182211,0.0098504,0.0201702,0.0217172,0.0091121,0.0171313,0.0133235,0.0197092,0.0190705,0.0183526,0.0114147,0.0127813,0.0186172,0.0159282,0.0167114,0.0118003,0.0097522,0.0052608,0.0200171,0.0012907,0.0010974,0.0034446,0.0104881,0.0131790,0.0223583,0.0084350,0.0248901,0.0055132,0.0084678,0.0208794,0.0266079,0.0321627,0.0272892,0.0397523,0.0432241,0.0321387,0.0618132,0.0592494,0.0694735,0.0921573,0.1125451,0.1108311,0.1402927,0.1681687,0.2131719,0.2386555,0.2754784,0.3195074,0.3657161,0.4079308,0.4799203,0.5237694,0.6022798,0.6599972,0.7413020,0.7895960,0.8533931,0.9207263,0.9957466,1.0522187,1.1068490,1.1498640,1.2050063,1.2267160,1.2728923,1.2776593,1.2915565,1.2826023,1.2697932,1.2472724,1.2111695,1.1577892,1.1262958,1.0730713,0.9979743,0.9451996,0.8884901,0.8074588,0.7433803,0.6644272,0.6101494,0.5542080,0.4806923,0.4313494
HOXD8,0.0081647,0.0154958,0.0112384,0.0156676,0.0040502,0.0080394,0.0210162,0.0087049,0.0012469,0.0240106,0.0173317,0.0135900,0.0239884,0.0034163,0.0230685,0.0032199,0.0064849,0.0234784,0.0029742,0.0009439,0.0047942,0.0051892,0.0047230,0.0207656,0.0190314,0.0051372,0.0199942,0.0028220,0.0116005,0.0064247,0.0196533,0.0012898,0.0130671,0.0082441,0.0145709,0.0101469,0.0034542,0.0060409,0.0251907,0.0061893,0.0197700,0.0029639,0.0268245,0.0158245,0.0240225,0.0179213,0.0194477,0.0303087,0.0369148,0.0288919,0.0350948,0.0349598,0.0398046,0.0476781,0.0549981,0.0637526,0.0632074,0.0713964,0.0899445,0.1027105,0.1120899,0.1175725,0.1401555,0.1495336,0.1898895,0.2072313,0.2321159,0.2475821,0.2658052,0.2941094,0.3188927,0.3500680,0.3512744,0.3924108,0.4016484,0.4416327,0.4602835,0.4684829,0.4978250,0.5257750,0.5318624,0.5323556,0.5497451,0.5670737,0.5653418,0.5691536,0.5675902,0.5514002,0.5456188,0.5382377,0.5302106,0.5172173,0.4819039,0.4707676,0.4453285,0.4130824,0.4069476,0.3790487,0.3594717,0.3356533
HOXD9,0.0246578,0.0077054,0.0100090,0.0061236,0.0188378,0.0236234,0.0036488,0.0092107,0.0059552,0.0204965,0.0103737,0.0165204,0.0048906,0.0077014,0.0185643,0.0088198,0.0016099,0.0079407,0.0181458,0.0187668,0.0151033,0.0097193,0.0218634,0.0054389,0.0103601,0.0022139,0.0231445,0.0118614,0.0075290,0.0042842,0.0154939,0.0057805,0.0217401,0.0198677,0.0169829,0.0137830,0.0085336,0.0272563,0.0044363,0.0203333,0.0279825,0.0178726,0.0161485,0.0117756,0.0147518,0.0282433,0.0316903,0.0235080,0.0485847,0.0532919,0.0553256,0.0476653,0.0619374,0.0592002,0.0725251,0.0915493,0.0958592,0.1114057,0.1216393,0.1305857,0.1640734,0.1761908,0.1919409,0.2076412,0.2370778,0.2584127,0.2628580,0.2872984,0.3106077,0.3467782,0.3608160,0.4072532,0.4181950,0.4610054,0.4815395,0.4956442,0.5313652,0.5601001,0.5829974,0.5834045,0.6061487,0.6297256,0.6555888,0.6668304,0.6685964,0.6779056,0.6846249,0.6756767,0.6934301,0.6764423,0.6731090,0.6576364,0.6494371,0.6417651,0.6138600,0.6129056,0.5854858,0.5596983,0.5547512,0.5137301
HOXD13,0.0164729,0.0037096,0.0098284,0.0211557,0.0001943,0.0042388,0.0099492,0.0009417,0.0076477,0.0168573,0.0040105,0.0239592,0.0227078,0.0073086,0.0136605,0.0229269,0.0186289,0.0020522,0.0101216,0.0186794,0.0141423,0.0158033,0.0107076,0.0227216,0.0208862,0.0224459,0.0105585,0.0232428,0.0171650,0.0168144,0.0122324,0.0200945,0.0138039,0.0147593,0.0092383,0.0116284,0.0154239,0.0170418,0.0099302,0.0226901,0.0111956,0.0108723,0.0086714,0.0097159,0.0042047,0.0037963,0.0168512,0.0057124,0.0194668,0.0164055,0.0119306,0.0188263,0.0152609,0.0201577,0.0035386,0.0096010,0.0133183,0.0166570,0.0057887,0.0072906,0.0078105,0.0020770,0.0220137,0.0089635,0.0190512,0.0215783,0.0157987,0.0108143,0.0191936,0.0187337,0.0356762,0.0358119,0.0353421,0.0530768,0.0716222,0.1001837,0.1129399,0.1484703,0.2107202,0.2555695,0.3048811,0.3618411,0.4300970,0.4932874,0.5651412,0.6349974,0.6855770,0.7229782,0.7778093,0.8024182,0.8041017,0.7952743,0.7741143,0.7395300,0.6967567,0.6326630,0.5703114,0.4883615,0.4264420,0.3584588
