"gcc","n_bgc","prevalence","refseq","mibig_min","only_mag","no_mag","genome_type"
"gcc_0",9,0.15606936416185,0.487018540690364,0.564598428992193,TRUE,FALSE,"MAGs only"
"gcc_1",17,0.443159922928709,0.277305716209357,0.54597318264535,FALSE,FALSE,"REFs/SAGs and MAGs"
"gcc_10",1368,0.999036608863198,0.170198556968017,0.145080604078806,FALSE,FALSE,"REFs/SAGs and MAGs"
"gcc_102",16,0.182080924855491,0.218442528644471,0.365121474723869,FALSE,FALSE,"REFs/SAGs and MAGs"
"gcc_104",23,0.783236994219653,0.462098480526874,0.0434782608695652,FALSE,FALSE,"REFs/SAGs and MAGs"
"gcc_106",2,0.010597302504817,0.602587322070127,0.607276518172007,TRUE,FALSE,"MAGs only"
"gcc_107",1,0,3.33066907387547e-16,0.77938140066694,FALSE,TRUE,"REFs/SAGs only"
"gcc_108",44,0.684007707129094,0.170273190817593,0.586929914113357,FALSE,FALSE,"REFs/SAGs and MAGs"
"gcc_109",2,0.0298651252408478,0.530792087257901,0.748310368498628,TRUE,FALSE,"MAGs only"
"gcc_11",92,0.409441233140655,0.0889845300780089,0.468353154345809,FALSE,FALSE,"REFs/SAGs and MAGs"
"gcc_110",2,0.0317919075144509,0.198605724479097,0.562835003012026,FALSE,FALSE,"REFs/SAGs and MAGs"
"gcc_111",1,0.00192678227360308,0,1,FALSE,TRUE,"REFs/SAGs only"
"gcc_112",8,0.0973025048169557,0.0663605202294076,0.448855622057603,FALSE,FALSE,"REFs/SAGs and MAGs"
"gcc_113",2,0.0298651252408478,0.566588022176175,0.599831372717995,TRUE,FALSE,"MAGs only"
"gcc_114",1,0.0192678227360308,0,0.604375266553258,FALSE,TRUE,"REFs/SAGs only"
"gcc_115",22,0.328516377649326,0.121347254591935,0.625,FALSE,FALSE,"REFs/SAGs and MAGs"
"gcc_116",1,0,0,0.648648581998307,FALSE,TRUE,"REFs/SAGs only"
"gcc_119",16,0.34971098265896,0.279932477786608,0.575735931288071,FALSE,FALSE,"REFs/SAGs and MAGs"
"gcc_12",3,0.131984585741811,0.487325772576349,0.718816992657872,TRUE,FALSE,"MAGs only"
"gcc_120",1,0.00192678227360308,0.0152680721653382,0.733712390620422,FALSE,TRUE,"REFs/SAGs only"
"gcc_121",12,0.335260115606936,0.49131578779963,0.65557369225207,TRUE,FALSE,"MAGs only"
"gcc_122",2,0.0173410404624277,0.13632698131958,0.667732138126766,TRUE,FALSE,"MAGs only"
"gcc_123",573,0.975915221579961,0.0674064189556507,0,FALSE,FALSE,"REFs/SAGs and MAGs"
"gcc_124",2,0.00289017341040462,0.122919391081668,0.73678186264358,TRUE,FALSE,"MAGs only"
"gcc_125",1,0.0780346820809249,0.459796746248511,0.634145442119243,TRUE,FALSE,"MAGs only"
"gcc_126",4,0.232177263969171,0.58492256343829,0.697034113091203,TRUE,FALSE,"MAGs only"
"gcc_128",9,0.595375722543353,0.491402213596777,0.499950399285628,FALSE,FALSE,"REFs/SAGs and MAGs"
"gcc_13",730,0.984585741811175,0.107297632591706,0.313616253374682,FALSE,FALSE,"REFs/SAGs and MAGs"
"gcc_130",1,0.0211946050096339,0.591394200472639,0.696371410483081,TRUE,FALSE,"MAGs only"
"gcc_131",5,0.371868978805395,0.352251295512113,0.557674131535309,FALSE,FALSE,"REFs/SAGs and MAGs"
"gcc_132",4,0.255298651252408,0.207447235975427,0.642005567074567,FALSE,FALSE,"REFs/SAGs and MAGs"
"gcc_135",4,0.201348747591522,0.224034986793823,0,TRUE,FALSE,"MAGs only"
"gcc_137",1,0.00289017341040462,0.389566771638975,0.787878787878788,TRUE,FALSE,"MAGs only"
"gcc_139",1,0.0211946050096339,0,0.314020669472849,FALSE,TRUE,"REFs/SAGs only"
"gcc_14",6539,1,0.192714477340811,0.0297029702970296,FALSE,FALSE,"REFs/SAGs and MAGs"
"gcc_140",9,0.242774566473988,0.424782565272742,0.395042534576484,TRUE,FALSE,"MAGs only"
"gcc_142",1,0.0481695568400771,0.230140969508528,0.710822384372872,TRUE,FALSE,"MAGs only"
"gcc_146",1,0,0,0.693388818425246,FALSE,TRUE,"REFs/SAGs only"
"gcc_147",1,0,0.00721452307414927,0.703855675920781,FALSE,TRUE,"REFs/SAGs only"
"gcc_148",2,0.00192678227360308,5.5511151231258e-17,0.854205491710617,FALSE,TRUE,"REFs/SAGs only"
"gcc_149",2,0.00192678227360308,0.294223000698002,0.677442193988318,FALSE,TRUE,"REFs/SAGs only"
"gcc_15",21,0.515414258188825,0.407457214867454,0.261065379277228,FALSE,FALSE,"REFs/SAGs and MAGs"
"gcc_150",6,0.176300578034682,0.412127526281038,0.688721129550131,FALSE,FALSE,"REFs/SAGs and MAGs"
"gcc_151",25,0.514450867052023,0.230693075657204,0.530543074289609,FALSE,FALSE,"REFs/SAGs and MAGs"
"gcc_152",9,0.854527938342967,0.302997212324682,0.317433820308268,FALSE,FALSE,"REFs/SAGs and MAGs"
"gcc_153",3,0.0867052023121387,0.00265604249668005,0.737957585107272,FALSE,FALSE,"REFs/SAGs and MAGs"
"gcc_154",7,0.335260115606936,0.306932366577463,0.722163748844503,FALSE,FALSE,"REFs/SAGs and MAGs"
"gcc_155",29,0.728323699421965,0.411250527637894,0.216171691108291,TRUE,FALSE,"MAGs only"
"gcc_157",3,0.0298651252408478,0.423969630409059,0.816790771601157,TRUE,FALSE,"MAGs only"
"gcc_159",2,0.172447013487476,0.270847349387164,0.545141173852658,TRUE,FALSE,"MAGs only"
"gcc_16",23,0.75626204238921,0.528654321246623,0.680704016619556,FALSE,FALSE,"REFs/SAGs and MAGs"
"gcc_160",1,0.0308285163776493,0.301719931987518,0.740875280343404,TRUE,FALSE,"MAGs only"
"gcc_162",4,0.246628131021195,0.4742431460163,0.616179589619715,TRUE,FALSE,"MAGs only"
"gcc_163",1,0.00674373795761079,0,0.6861387272872,FALSE,TRUE,"REFs/SAGs only"
"gcc_165",1,0.0163776493256262,0.603045201341402,0.781480197329551,TRUE,FALSE,"MAGs only"
"gcc_166",1,0.000963391136801541,0.566716411186139,0.668040257866227,TRUE,FALSE,"MAGs only"
"gcc_168",2,0.232177263969171,0.370916644103491,0.2659682154335,TRUE,FALSE,"MAGs only"
"gcc_17",900,0.998073217726397,0.191819147357478,0.0313024726795024,FALSE,FALSE,"REFs/SAGs and MAGs"
"gcc_170",46,0.824662813102119,0.146591203788361,0.018181818181818,FALSE,FALSE,"REFs/SAGs and MAGs"
"gcc_173",2,0.0279383429672447,0.645858961640603,0.826394519260197,TRUE,FALSE,"MAGs only"
"gcc_174",4,0.0616570327552987,0.149903423053632,0.703055847154139,TRUE,FALSE,"MAGs only"
"gcc_176",7,0.133911368015414,0.141273957346406,0.451527063847151,FALSE,FALSE,"REFs/SAGs and MAGs"
"gcc_177",3,0.092485549132948,0.303876482872507,0.52047545264332,FALSE,FALSE,"REFs/SAGs and MAGs"
"gcc_178",8,0.158959537572254,0.449872203580779,0.659514218128975,TRUE,FALSE,"MAGs only"
"gcc_179",2,0.01252408477842,0,0.631266692524098,FALSE,TRUE,"REFs/SAGs only"
"gcc_180",3,0.000963391136801541,0.103768919811111,0.190972746033214,FALSE,FALSE,"REFs/SAGs and MAGs"
"gcc_181",50,0.616570327552986,0.515358008998483,0.460680954248957,TRUE,FALSE,"MAGs only"
"gcc_182",1,0.122350674373796,0.482773352947117,0.528233262947611,TRUE,FALSE,"MAGs only"
"gcc_184",2,0.19364161849711,0.324010866909864,0.509426723904557,TRUE,FALSE,"MAGs only"
"gcc_185",3,0.0317919075144509,0.303666013360203,0.303340135130305,TRUE,FALSE,"MAGs only"
"gcc_186",2,0.128131021194605,0.568401531164247,0.670289211195996,TRUE,FALSE,"MAGs only"
"gcc_188",1,0,1.11022302462516e-16,0.614463900177993,FALSE,TRUE,"REFs/SAGs only"
"gcc_189",4,0.0703275529865125,0.524605877002968,0.666589559718299,TRUE,FALSE,"MAGs only"
"gcc_19",19,0.419075144508671,0.141313648753966,0.325502824451009,FALSE,FALSE,"REFs/SAGs and MAGs"
"gcc_190",1,0.0751445086705202,0.411550996413316,0.738276972893963,TRUE,FALSE,"MAGs only"
"gcc_194",1,0.058766859344894,0.518892556761016,0.624643875283193,TRUE,FALSE,"MAGs only"
"gcc_2",328,0.98747591522158,0.173168955201418,0.447655229261006,FALSE,FALSE,"REFs/SAGs and MAGs"
"gcc_20",160,0.908477842003854,0.17686073438184,0.280705827939455,FALSE,FALSE,"REFs/SAGs and MAGs"
"gcc_21",141,0.958574181117534,0.306985077094454,0.421074420190206,FALSE,FALSE,"REFs/SAGs and MAGs"
"gcc_22",205,0.71868978805395,0.0434165676184646,0,FALSE,FALSE,"REFs/SAGs and MAGs"
"gcc_23",3,0.0578034682080925,0.358956486703047,0.689050878059378,FALSE,FALSE,"REFs/SAGs and MAGs"
"gcc_24",548,0.990366088631985,0.211859661587501,0.220326728072006,FALSE,FALSE,"REFs/SAGs and MAGs"
"gcc_25",16,0.526974951830443,0.184151622956747,0.568009814705516,FALSE,FALSE,"REFs/SAGs and MAGs"
"gcc_26",44,0.840077071290944,0.402335143755218,0.522181517432504,FALSE,FALSE,"REFs/SAGs and MAGs"
"gcc_28",4,0.441233140655106,0.533030757875261,0.637715581345264,TRUE,FALSE,"MAGs only"
"gcc_29",74,0.968208092485549,0.351966138091033,0.387089285167275,FALSE,FALSE,"REFs/SAGs and MAGs"
"gcc_3",3,0.221579961464355,0.575802332846444,0.705333228562907,TRUE,FALSE,"MAGs only"
"gcc_30",10,0.18111753371869,0.31356310951799,0.473289746736,FALSE,FALSE,"REFs/SAGs and MAGs"
"gcc_31",112,0.665703275529865,0.0727611240426939,0.576374552673645,FALSE,FALSE,"REFs/SAGs and MAGs"
"gcc_33",1,0.00770712909441233,0.593952524978512,0.694955561956718,TRUE,FALSE,"MAGs only"
"gcc_34",1,0.0838150289017341,0.613122937917463,0.759547762980957,TRUE,FALSE,"MAGs only"
"gcc_35",12,0.196531791907514,0.0529810800750347,0.337410843550921,FALSE,FALSE,"REFs/SAGs and MAGs"
"gcc_36",16,0.280346820809249,0.567098283145325,0.658878853831023,TRUE,FALSE,"MAGs only"
"gcc_37",5,0.0741811175337187,0.2094557760013,0.680583436729536,FALSE,FALSE,"REFs/SAGs and MAGs"
"gcc_38",1,0.000963391136801541,0,0.455295220598078,FALSE,TRUE,"REFs/SAGs only"
"gcc_4",10,0.494219653179191,0.517856723548967,0.592589142808667,TRUE,FALSE,"MAGs only"
"gcc_40",31,0.441233140655106,0.164048423354529,0.204757227512456,FALSE,FALSE,"REFs/SAGs and MAGs"
"gcc_41",37,0.934489402697495,0.51885604168429,0.531478714334182,FALSE,FALSE,"REFs/SAGs and MAGs"
"gcc_43",11,0.357418111753372,0.32366625382052,0.55285521188494,FALSE,FALSE,"REFs/SAGs and MAGs"
"gcc_44",11,0.19364161849711,0.384897001592569,0.483092197883096,FALSE,FALSE,"REFs/SAGs and MAGs"
"gcc_45",3,0.109826589595376,0.390508683543041,0.630636288674204,FALSE,FALSE,"REFs/SAGs and MAGs"
"gcc_46",2,0.0154142581888247,0.269247108007027,0.656192917913735,FALSE,FALSE,"REFs/SAGs and MAGs"
"gcc_47",50,0.715799614643545,0.251662120050226,0.380226680590153,FALSE,FALSE,"REFs/SAGs and MAGs"
"gcc_48",163,0.871868978805395,0.202352626555802,3.33066907387547e-16,FALSE,FALSE,"REFs/SAGs and MAGs"
"gcc_50",7,0.260115606936416,0.559497860806583,0.566052096979466,TRUE,FALSE,"MAGs only"
"gcc_52",12,0.199421965317919,0.118727127909249,0.0434782608695653,FALSE,FALSE,"REFs/SAGs and MAGs"
"gcc_53",3,0.0741811175337187,0.299420683498756,0.607811409558337,FALSE,FALSE,"REFs/SAGs and MAGs"
"gcc_54",26,0.335260115606936,0.0958723982354673,0.475858437731889,FALSE,FALSE,"REFs/SAGs and MAGs"
"gcc_55",406,1,0.295646627443585,0.525707702444369,FALSE,FALSE,"REFs/SAGs and MAGs"
"gcc_56",3,0.102119460500963,0.384288626449579,0.733471986470303,FALSE,FALSE,"REFs/SAGs and MAGs"
"gcc_57",27,0.419075144508671,0.149959544207904,0.0820152602016796,FALSE,FALSE,"REFs/SAGs and MAGs"
"gcc_58",3,0.131984585741811,0.365204277262818,0.606016491849169,FALSE,FALSE,"REFs/SAGs and MAGs"
"gcc_59",1,0.00674373795761079,0.498088586365508,0.697962420960801,TRUE,FALSE,"MAGs only"
"gcc_6",1,0,0,0.75700451770493,FALSE,TRUE,"REFs/SAGs only"
"gcc_60",134,0.986512524084778,0.317587310274279,0.514510183406334,FALSE,FALSE,"REFs/SAGs and MAGs"
"gcc_61",4,0.0173410404624277,0.0191789486916824,0.398488057937124,FALSE,FALSE,"REFs/SAGs and MAGs"
"gcc_62",7,0.198458574181118,0.222224636817843,0.570248202623812,FALSE,FALSE,"REFs/SAGs and MAGs"
"gcc_63",37,0.866088631984586,0.148811256361522,0.32567049618137,FALSE,FALSE,"REFs/SAGs and MAGs"
"gcc_64",3,0.0915221579961464,0.249609020030898,0.262438673379416,FALSE,FALSE,"REFs/SAGs and MAGs"
"gcc_65",8,0.321772639691715,0.347800814895478,0.434997662650889,FALSE,FALSE,"REFs/SAGs and MAGs"
"gcc_66",1,0.00867052023121387,0.309012508971522,0.857948087006202,TRUE,FALSE,"MAGs only"
"gcc_7",26,0.360308285163776,0.301724858371626,0.310129358715357,FALSE,FALSE,"REFs/SAGs and MAGs"
"gcc_70",9,0.216763005780347,0.261294637169947,0.662745829063073,TRUE,FALSE,"MAGs only"
"gcc_71",4,0.135838150289017,0.615058306851528,0.66809230862246,TRUE,FALSE,"MAGs only"
"gcc_72",4,0.0404624277456647,0.136476878088103,0.731857836022168,TRUE,FALSE,"MAGs only"
"gcc_73",4,0.0722543352601156,0.0493783846725122,0.329877288055054,FALSE,FALSE,"REFs/SAGs and MAGs"
"gcc_74",17,0.392100192678227,0.341150630760965,0.359904202239332,FALSE,FALSE,"REFs/SAGs and MAGs"
"gcc_75",27,0.79383429672447,0.304582459878026,0.260737075193628,FALSE,FALSE,"REFs/SAGs and MAGs"
"gcc_76",9,0.431599229287091,0.470846229480884,0.683021098088789,TRUE,FALSE,"MAGs only"
"gcc_77",182,0.965317919075145,0.352392314086598,0.431271962261938,FALSE,FALSE,"REFs/SAGs and MAGs"
"gcc_78",10,0.283236994219653,0.430587686704926,0.629866148490103,FALSE,FALSE,"REFs/SAGs and MAGs"
"gcc_79",7,0.269749518304432,0.147568682377077,0.663201401908668,FALSE,FALSE,"REFs/SAGs and MAGs"
"gcc_8",1006,0.998073217726397,0.0939662657406434,0.408853194667733,FALSE,FALSE,"REFs/SAGs and MAGs"
"gcc_81",1,0.0423892100192678,0.265883020951198,0.421458088120097,TRUE,FALSE,"MAGs only"
"gcc_83",5,0.0366088631984586,0.327438358763465,0.762609267397001,TRUE,FALSE,"MAGs only"
"gcc_84",462,0.998073217726397,0.158714308679503,0.252160765077923,FALSE,FALSE,"REFs/SAGs and MAGs"
"gcc_85",1,0.0539499036608863,0.390062454407167,0.702713597867366,TRUE,FALSE,"MAGs only"
"gcc_86",18,0.259152215799615,0.436422690894414,0.554433605660497,TRUE,FALSE,"MAGs only"
"gcc_87",11,0.454720616570328,0.267891689449313,0.603089236315124,FALSE,FALSE,"REFs/SAGs and MAGs"
"gcc_88",20,0.26878612716763,0.127219051209589,0.0104166666666667,FALSE,FALSE,"REFs/SAGs and MAGs"
"gcc_89",2,0.00192678227360308,0,0.536719177086812,FALSE,TRUE,"REFs/SAGs only"
"gcc_9",567,1,0.239870158166448,0.125620787591449,FALSE,FALSE,"REFs/SAGs and MAGs"
"gcc_90",120,0.973988439306358,0.107331034029068,0.486641010751638,FALSE,FALSE,"REFs/SAGs and MAGs"
"gcc_91",17,0.270712909441233,0.0918885211187439,0.524317374929148,FALSE,FALSE,"REFs/SAGs and MAGs"
"gcc_92",1689,1,0.118860663228638,0.0359689819927328,FALSE,FALSE,"REFs/SAGs and MAGs"
"gcc_93",1,0.0144508670520231,0.466066721618972,0.735672559817964,TRUE,FALSE,"MAGs only"
"gcc_95",5,0.0799614643545279,0.399650111089,0.603219485079032,FALSE,FALSE,"REFs/SAGs and MAGs"
"gcc_96",3,0.0115606936416185,0.0319548669270002,0.761207958539271,FALSE,FALSE,"REFs/SAGs and MAGs"
"gcc_97",41,0.539499036608863,0.234496674370329,0.398309169623262,FALSE,FALSE,"REFs/SAGs and MAGs"
"gcc_98",2,0.0346820809248555,0,0.762687952692513,FALSE,TRUE,"REFs/SAGs only"
"gcc_99",2,0.0115606936416185,0.589496900164084,0.775486071556706,TRUE,FALSE,"MAGs only"
