"gcc","class","n","prop"
"gcc_0","NRPS",8,0.888888888888889
"gcc_0","Other",1,0.111111111111111
"gcc_1","NRPS",2,0.117647058823529
"gcc_1","Other",7,0.411764705882353
"gcc_1","RiPPs",5,0.294117647058824
"gcc_1","Terpenes",3,0.176470588235294
"gcc_10","RiPPs",61,0.043509272467903
"gcc_10","Terpenes",1341,0.956490727532097
"gcc_102","NRPS",16,0.941176470588235
"gcc_102","RiPPs",1,0.0588235294117647
"gcc_104","RiPPs",23,1
"gcc_106","Other",2,1
"gcc_107","Other",1,1
"gcc_108","Terpenes",44,1
"gcc_109","Other",2,1
"gcc_11","NRPS",2,0.0212765957446809
"gcc_11","Other",89,0.946808510638298
"gcc_11","RiPPs",1,0.0106382978723404
"gcc_11","Terpenes",2,0.0212765957446809
"gcc_110","RiPPs",1,0.5
"gcc_110","Terpenes",1,0.5
"gcc_111","RiPPs",1,1
"gcc_112","NRPS",1,0.111111111111111
"gcc_112","Terpenes",8,0.888888888888889
"gcc_113","Other",1,0.333333333333333
"gcc_113","RiPPs",2,0.666666666666667
"gcc_114","NRPS",1,1
"gcc_115","RiPPs",22,1
"gcc_116","NRPS",1,1
"gcc_119","RiPPs",16,1
"gcc_12","NRPS",3,1
"gcc_120","Other",1,1
"gcc_121","NRPS",11,0.785714285714286
"gcc_121","Terpenes",3,0.214285714285714
"gcc_122","Other",2,1
"gcc_123","NRPS",1,0.00173913043478261
"gcc_123","Other",573,0.996521739130435
"gcc_123","RiPPs",1,0.00173913043478261
"gcc_124","Other",2,1
"gcc_125","RiPPs",1,1
"gcc_126","Other",4,1
"gcc_128","Other",9,1
"gcc_13","Other",1,0.00136986301369863
"gcc_13","RiPPs",728,0.997260273972603
"gcc_13","Terpenes",1,0.00136986301369863
"gcc_130","NRPS",1,1
"gcc_131","RiPPs",2,0.4
"gcc_131","T2/3PKS",3,0.6
"gcc_132","NRPS",4,1
"gcc_135","RiPPs",4,1
"gcc_137","Other",1,1
"gcc_139","Other",1,1
"gcc_14","NRPS",4,0.000610873549175321
"gcc_14","Other",4,0.000610873549175321
"gcc_14","RiPPs",2,0.00030543677458766
"gcc_14","T2/3PKS",2,0.00030543677458766
"gcc_14","Terpenes",6536,0.998167379352474
"gcc_140","RiPPs",9,1
"gcc_142","Other",1,1
"gcc_146","Other",1,0.5
"gcc_146","RiPPs",1,0.5
"gcc_147","NRPS",1,1
"gcc_148","RiPPs",2,1
"gcc_149","Other",1,0.5
"gcc_149","RiPPs",1,0.5
"gcc_15","NRPS",16,0.727272727272727
"gcc_15","Other",4,0.181818181818182
"gcc_15","RiPPs",2,0.0909090909090909
"gcc_150","NRPS",6,1
"gcc_151","NRPS",1,0.04
"gcc_151","Other",3,0.12
"gcc_151","RiPPs",12,0.48
"gcc_151","Terpenes",9,0.36
"gcc_152","Other",2,0.222222222222222
"gcc_152","RiPPs",3,0.333333333333333
"gcc_152","Terpenes",4,0.444444444444444
"gcc_153","NRPS",1,0.333333333333333
"gcc_153","RiPPs",2,0.666666666666667
"gcc_154","Other",7,1
"gcc_155","NRPS",29,0.966666666666667
"gcc_155","Terpenes",1,0.0333333333333333
"gcc_157","RiPPs",3,1
"gcc_159","RiPPs",2,1
"gcc_16","Other",23,1
"gcc_160","RiPPs",1,1
"gcc_162","NRPS",4,0.5
"gcc_162","RiPPs",4,0.5
"gcc_163","NRPS",1,1
"gcc_165","Other",1,1
"gcc_166","NRPS",1,1
"gcc_168","RiPPs",2,1
"gcc_17","NRPS",886,0.953713670613563
"gcc_17","Other",27,0.0290635091496232
"gcc_17","RiPPs",14,0.0150699677072121
"gcc_17","T1PKS",1,0.00107642626480086
"gcc_17","Terpenes",1,0.00107642626480086
"gcc_170","RiPPs",46,1
"gcc_173","Other",2,1
"gcc_174","Other",4,1
"gcc_176","Other",7,1
"gcc_177","Other",3,1
"gcc_178","Other",3,0.272727272727273
"gcc_178","Terpenes",8,0.727272727272727
"gcc_179","NRPS",1,0.5
"gcc_179","Other",1,0.5
"gcc_180","NRPS",1,0.25
"gcc_180","Other",3,0.75
"gcc_181","Other",50,1
"gcc_182","Other",1,1
"gcc_184","Other",1,0.5
"gcc_184","Terpenes",1,0.5
"gcc_185","NRPS",1,0.25
"gcc_185","Other",3,0.75
"gcc_186","T2/3PKS",2,1
"gcc_188","NRPS",1,1
"gcc_189","Other",4,1
"gcc_19","RiPPs",19,1
"gcc_190","Other",1,1
"gcc_194","Other",1,1
"gcc_2","Other",328,1
"gcc_20","NRPS",18,0.1125
"gcc_20","Other",23,0.14375
"gcc_20","RiPPs",77,0.48125
"gcc_20","Terpenes",42,0.2625
"gcc_21","Other",141,1
"gcc_22","Other",203,0.990243902439024
"gcc_22","RiPPs",2,0.00975609756097561
"gcc_23","Other",3,1
"gcc_24","NRPS",1,0.00175746924428822
"gcc_24","Other",35,0.0615114235500879
"gcc_24","RiPPs",4,0.0070298769771529
"gcc_24","Terpenes",529,0.929701230228471
"gcc_25","NRPS",2,0.125
"gcc_25","Other",10,0.625
"gcc_25","RiPPs",1,0.0625
"gcc_25","Terpenes",3,0.1875
"gcc_26","NRPS",14,0.318181818181818
"gcc_26","Other",24,0.545454545454545
"gcc_26","RiPPs",6,0.136363636363636
"gcc_28","T2/3PKS",4,1
"gcc_29","NRPS",3,0.0394736842105263
"gcc_29","Other",57,0.75
"gcc_29","RiPPs",6,0.0789473684210526
"gcc_29","Terpenes",10,0.131578947368421
"gcc_3","NRPS",3,0.75
"gcc_3","Terpenes",1,0.25
"gcc_30","NRPS",9,0.9
"gcc_30","Terpenes",1,0.1
"gcc_31","Other",112,1
"gcc_33","RiPPs",1,1
"gcc_34","NRPS",1,1
"gcc_35","RiPPs",12,1
"gcc_36","NRPS",16,1
"gcc_37","NRPS",1,0.2
"gcc_37","Other",2,0.4
"gcc_37","RiPPs",1,0.2
"gcc_37","Terpenes",1,0.2
"gcc_38","RiPPs",1,1
"gcc_4","Other",10,1
"gcc_40","RiPPs",31,1
"gcc_41","Other",37,1
"gcc_43","NRPS",1,0.0909090909090909
"gcc_43","Other",3,0.272727272727273
"gcc_43","RiPPs",5,0.454545454545455
"gcc_43","Terpenes",2,0.181818181818182
"gcc_44","Other",1,0.0909090909090909
"gcc_44","RiPPs",10,0.909090909090909
"gcc_45","Other",2,0.666666666666667
"gcc_45","RiPPs",1,0.333333333333333
"gcc_46","Other",2,1
"gcc_47","RiPPs",1,0.0196078431372549
"gcc_47","T2/3PKS",50,0.980392156862745
"gcc_48","NRPS",1,0.00558659217877095
"gcc_48","Other",16,0.0893854748603352
"gcc_48","RiPPs",162,0.905027932960894
"gcc_50","NRPS",3,0.428571428571429
"gcc_50","Other",4,0.571428571428571
"gcc_52","Terpenes",12,1
"gcc_53","NRPS",1,0.333333333333333
"gcc_53","Other",1,0.333333333333333
"gcc_53","RiPPs",1,0.333333333333333
"gcc_54","NRPS",1,0.0384615384615385
"gcc_54","Other",24,0.923076923076923
"gcc_54","RiPPs",1,0.0384615384615385
"gcc_55","NRPS",11,0.027027027027027
"gcc_55","Other",393,0.965601965601966
"gcc_55","RiPPs",1,0.00245700245700246
"gcc_55","Terpenes",2,0.00491400491400491
"gcc_56","Other",2,0.666666666666667
"gcc_56","RiPPs",1,0.333333333333333
"gcc_57","NRPS",2,0.0740740740740741
"gcc_57","RiPPs",24,0.888888888888889
"gcc_57","Terpenes",1,0.037037037037037
"gcc_58","Other",2,0.666666666666667
"gcc_58","RiPPs",1,0.333333333333333
"gcc_59","Other",1,1
"gcc_6","NRPS",1,1
"gcc_60","Other",134,1
"gcc_61","RiPPs",4,1
"gcc_62","NRPS",3,0.428571428571429
"gcc_62","Other",3,0.428571428571429
"gcc_62","RiPPs",1,0.142857142857143
"gcc_63","NRPS",2,0.05
"gcc_63","Other",9,0.225
"gcc_63","RiPPs",27,0.675
"gcc_63","Terpenes",2,0.05
"gcc_64","Other",3,1
"gcc_65","Other",5,0.625
"gcc_65","RiPPs",1,0.125
"gcc_65","Terpenes",2,0.25
"gcc_66","Other",1,1
"gcc_7","NRPS",25,0.892857142857143
"gcc_7","RiPPs",1,0.0357142857142857
"gcc_7","T1PKS",1,0.0357142857142857
"gcc_7","Terpenes",1,0.0357142857142857
"gcc_70","RiPPs",9,1
"gcc_71","Other",4,1
"gcc_72","Other",4,1
"gcc_73","Other",4,1
"gcc_74","NRPS",15,0.882352941176471
"gcc_74","Other",1,0.0588235294117647
"gcc_74","RiPPs",1,0.0588235294117647
"gcc_75","NRPS",8,0.296296296296296
"gcc_75","Other",1,0.037037037037037
"gcc_75","RiPPs",1,0.037037037037037
"gcc_75","Terpenes",17,0.62962962962963
"gcc_76","Other",7,0.777777777777778
"gcc_76","Terpenes",2,0.222222222222222
"gcc_77","NRPS",1,0.00540540540540541
"gcc_77","Other",182,0.983783783783784
"gcc_77","RiPPs",1,0.00540540540540541
"gcc_77","Terpenes",1,0.00540540540540541
"gcc_78","Other",5,0.5
"gcc_78","RiPPs",5,0.5
"gcc_79","Other",6,0.857142857142857
"gcc_79","RiPPs",1,0.142857142857143
"gcc_8","NRPS",3,0.00297914597815293
"gcc_8","Other",4,0.00397219463753724
"gcc_8","RiPPs",997,0.990069513406157
"gcc_8","T2/3PKS",2,0.00198609731876862
"gcc_8","Terpenes",1,0.00099304865938431
"gcc_81","Other",1,1
"gcc_83","Other",5,1
"gcc_84","NRPS",9,0.019271948608137
"gcc_84","Other",455,0.974304068522484
"gcc_84","RiPPs",1,0.00214132762312634
"gcc_84","Terpenes",2,0.00428265524625268
"gcc_85","Other",1,1
"gcc_86","Other",18,1
"gcc_87","NRPS",10,0.909090909090909
"gcc_87","Other",1,0.0909090909090909
"gcc_88","RiPPs",20,1
"gcc_89","RiPPs",2,1
"gcc_9","NRPS",1,0.00172117039586919
"gcc_9","Other",6,0.0103270223752151
"gcc_9","RiPPs",1,0.00172117039586919
"gcc_9","T2/3PKS",566,0.974182444061962
"gcc_9","Terpenes",7,0.0120481927710843
"gcc_90","NRPS",15,0.125
"gcc_90","Other",73,0.608333333333333
"gcc_90","RiPPs",30,0.25
"gcc_90","Terpenes",2,0.0166666666666667
"gcc_91","Other",17,0.944444444444444
"gcc_91","RiPPs",1,0.0555555555555556
"gcc_92","NRPS",276,0.134175984443364
"gcc_92","Other",965,0.469129800680603
"gcc_92","RiPPs",13,0.00631988332523092
"gcc_92","T1PKS",572,0.27807486631016
"gcc_92","T2/3PKS",205,0.0996596985901799
"gcc_92","Terpenes",26,0.0126397666504618
"gcc_93","Other",1,1
"gcc_95","NRPS",5,1
"gcc_96","Other",1,0.333333333333333
"gcc_96","RiPPs",2,0.666666666666667
"gcc_97","RiPPs",41,1
"gcc_98","RiPPs",2,1
"gcc_99","Other",2,1
