"Pollutant","Biomaker","Estimate","FDR","Super pathway"
"TMPP","Imidazoleacetic acid*pos",-0.03,0,"Amino Acid"
"TMPP","Thymine*pos",-0.03,0,"Nucleotide"
"TPHP","2-Ethylacrylylcarnitine, Tiglylcarnitine*pos",0.02,0.01,"Other"
"TPHP","3-amino-4-hydroxybenzoic acid*pos",0.03,0.04,"Other"
"TPHP","3-Hydroxy-2-methylpyridine-5-carboxylate*pos",0.03,0.04,"Cofactors and Vitamins"
"TPHP","3-Methylglutarylcarnitine*pos",-0.02,0.03,"Other"
"TPHP","3-Methylhistidine*pos",-0.03,0.02,"Amino Acid"
"TPHP","Adenine*pos",-0.11,0,"Nucleotide"
"TPHP","Asn-Val*pos",-0.06,0.01,"Other"
"TPHP","Asp-Glu*pos",-0.02,0.04,"Other"
"TPHP","Asp-Val*pos",-0.02,0.03,"Other"
"TPHP","Betaine aldehyde*pos",0.03,0.01,"Amino Acid"
"TPHP","Butyrylcarnitine*pos",0.03,0,"Other"
"TPHP","Creatine*pos",-0.05,0,"Amino Acid"
"TPHP","Dantron*pos",-0.01,0.04,"Other"
"TPHP","Deoxycytidine*pos",-0.06,0.01,"Nucleotide"
"TPHP","D-Glucuronic acid*pos",0.07,0.02,"Carbohydrate"
"TPHP","Epicatechin*pos",0.23,0,"Global"
"TPHP","Gln-Asp*pos",-0.03,0.03,"Other"
"TPHP","Glu-Asp*pos",-0.02,0.04,"Other"
"TPHP","His-His*pos",0.19,0.01,"Other"
"TPHP","Ile-Trp*pos",-0.02,0.03,"Other"
"TPHP","Imidazoleacetic acid*pos",-0.04,0,"Amino Acid"
"TPHP","Isobutyryl carnitine*pos",0.03,0,"Other"
"TPHP","Leu-Trp*pos",-0.02,0.03,"Other"
"TPHP","L-Glutamic acid*pos",-0.05,0,"Amino Acid"
"TPHP","methylguanidine*pos",-0.05,0,"Other"
"TPHP","methyl-L-histidine*pos",-0.03,0.02,"Amino Acid"
"TPHP","methyltryptamine*pos",-0.12,0,"Amino Acid"
"TPHP","N-acetyl-DL-serine*pos",-0.05,0,"Other"
"TPHP","N-acetylhistidine*pos",-0.02,0.03,"Other"
"TPHP","N-methyl-D-aspartic acid*pos",-0.05,0,"Other"
"TPHP","Pantothenic Acid(VB5)*pos",-0.01,0.05,"Amino Acid"
"TPHP","Pseudouridine*pos",-0.1,0.03,"Nucleotide"
"TPHP","Succinylcarnitine-2*pos",-0.04,0.04,"Other"
"TPHP","Thymine*pos",-0.04,0,"Nucleotide"
"TPHP","Trp-Ile*pos",-0.02,0.03,"Other"
"TPHP","Trp-Leu*pos",-0.02,0.03,"Other"
"TPHP","Uric acid*pos",-0.07,0.05,"Nucleotide"
"TPHP","Xanthosine*pos",-0.08,0.01,"Nucleotide"
"TPHP","12(S)-HPETE*neg",-0.07,0,"Lipid"
"TPHP","2-Amino-3-methoxybenzoic acid*neg",0.02,0.05,"Other"
"TPHP","3-Guanidinopropionic acid*neg",-0.06,0,"Other"
"TPHP","4-hydroxy-L-phenylglycine*neg",0.02,0.05,"Other"
"TPHP","Allantoin*neg",-0.03,0.04,"Other"
"TPHP","alpha-Ketoglutaric acid(Oxoglutaric acid)*neg",0.03,0.01,"Carbohydrate"
"TPHP","Ascorbic acid*neg",0.1,0.01,"Carbohydrate"
"TPHP","Chenodeoxycholic acid/Deoxycholic acid*neg",-0.1,0.04,"Other"
"TPHP","Citrulline*neg",0.03,0,"Amino Acid"
"TPHP","Creatine*neg",-0.06,0,"Amino Acid"
"TPHP","D-glucuronolactone*neg",0.1,0.01,"Carbohydrate"
"TPHP","Dimethyl sulfone*neg",-0.06,0,"Energy"
"TPHP","erythritol*neg",-0.02,0.01,"Other"
"TPHP","Estrone glucuronide*neg",-0.07,0.04,"Lipid"
"TPHP","Galactitol*neg",-0.07,0.01,"Carbohydrate"
"TPHP","Iditol/Mannitol/Dulcitol*neg",-0.07,0,"Carbohydrate"
"TPHP","Ile-Val*neg",-0.08,0.01,"Other"
"TPHP","Indoleacetaldehyde*neg",-0.05,0.01,"Amino Acid"
"TPHP","Indoxyl sulfate*neg",0.03,0.04,"Other"
"TPHP","L-Arginine*neg",0.02,0.04,"Amino Acid"
"TPHP","Leu-Val*neg",-0.08,0.01,"Other"
"TPHP","lumichrome*neg",-0.1,0.02,"Cofactors and Vitamins"
"TPHP","Methylmalonic acid*neg",-0.04,0,"Nucleotide"
"TPHP","N-alpha-acetyl-L-asparagine*neg",0.02,0,"Other"
"TPHP","Prostaglandin G2*neg",-0.1,0,"Lipid"
"TPHP","Pyridoxal*neg",0.02,0.04,"Cofactors and Vitamins"
"TPHP","riboflavin*neg",0.05,0.02,"Cofactors and Vitamins"
"TPHP","Sorbitol*neg",-0.07,0.01,"Carbohydrate"
"TPHP","succinate*neg",-0.04,0,"Carbohydrate"
"TPHP","Theobromine/Paraxanthine/Theophylline*neg",-0.07,0.01,"Other secondary metabolites"
"TPHP","Val-Ile*neg",-0.08,0.01,"Other"
"TPHP","Val-Leu*neg",-0.08,0.01,"Other"
"TiBP","1-aminocyclopropane-1-carboxylate*pos",0.01,0.33,"Amino Acid"
"TiBP","1-Methylhistamine*pos",-0.02,0.34,"Amino Acid"
"TiBP","2-Aminobenzoic acid/p-Aminobenzoic acid*pos",0.04,0.01,"Amino Acid"
"TiBP","2-Hydroxyadenine*pos",0.07,0.25,"Other"
"TiBP","3-amino-4-hydroxybenzoic acid*pos",0.02,0.34,"Other"
"TiBP","3-Hydroxy-2-methylpyridine-5-carboxylate*pos",0.02,0.34,"Cofactors and Vitamins"
"TiBP","3-hydroxy-N6,N6,N6-trimethyl-L-lysine*pos",-0.04,0.17,"Amino Acid"
"TiBP","3-methylhistamine*pos",-0.02,0.34,"Other"
"TiBP","3-Oxoglutaric acid*pos",0.02,0.17,"Other"
"TiBP","4-aminobenzoate*pos",0.04,0.01,"Cofactors and Vitamins"
"TiBP","4-Aminopyridine*pos",0.03,0.29,"Other"
"TiBP","4-Methoxycinnamic acid*pos",-0.09,0.29,"Other"
"TiBP","5-Aminoimidazole*pos",-0.03,0.21,"Nucleotide"
"TiBP","5-Aminopentanoic acid*pos",0.04,0.15,"Amino Acid"
"TiBP","5-Hydroxyisourate*pos",0.05,0.08,"Nucleotide"
"TiBP","7-Methylguanine*pos",-0.02,0.33,"Other"
"TiBP","Allantoic acid*pos",0.06,0.12,"Nucleotide"
"TiBP","Anthranilate*pos",0.04,0.01,"Amino Acid"
"TiBP","Arg-Gly*pos",-0.08,0.24,"Other"
"TiBP","Asp-Gln*pos",0.01,0.33,"Other"
"TiBP","beta-Alanine*pos",0.01,0.28,"Nucleotide"
"TiBP","Citraconic acid*pos",0.08,0.19,"Amino Acid"
"TiBP","Citrulline*pos",0.04,0.11,"Amino Acid"
"TiBP","Cytidine monophosphate*pos",0.06,0.33,"Nucleotide"
"TiBP","Deoxyguanosine*pos",0.02,0.17,"Nucleotide"
"TiBP","Genestein*pos",0.12,0.1,"Global"
"TiBP","Glu-Asn*pos",0.01,0.33,"Other"
"TiBP","Glu-Met*pos",0.09,0.27,"Other"
"TiBP","Glu-Phe*pos",0.01,0.28,"Other"
"TiBP","Glutamylphenylalanine*pos",0.01,0.28,"Other"
"TiBP","Glycine*pos",0.04,0.29,"Lipid"
"TiBP","Gly-Pro*pos",0.02,0.11,"Other"
"TiBP","Guanine*pos",0.05,0.33,"Nucleotide"
"TiBP","Heptanoylcarnitine*pos",-0.02,0.25,"Other"
"TiBP","Hexylresorcinol*pos",0.13,0.09,"Other"
"TiBP","His-His*pos",0.15,0.17,"Other"
"TiBP","Hypotaurine*pos",0.02,0.34,"Amino Acid"
"TiBP","Iditol/Mannitol/Dulcitol*pos",-0.02,0.33,"Other"
"TiBP","Itaconic acid*pos",0.09,0.12,"Carbohydrate"
"TiBP","L-Alanine*pos",0.01,0.28,"Amino Acid"
"TiBP","Leu-Arg*pos",-0.04,0.34,"Other"
"TiBP","L-Glutamic acid*pos",-0.03,0.17,"Amino Acid"
"TiBP","L-Histidine*pos",0.02,0.28,"Amino Acid"
"TiBP","L-Methionine S-oxide*pos",-0.19,0.1,"Amino Acid"
"TiBP","L-Phenylalanine*pos",-0.08,0.35,"Amino Acid"
"TiBP","Melamine*pos",-0.12,0.12,"Xenobiotics"
"TiBP","Met-Glu*pos",0.08,0.33,"Other"
"TiBP","methylguanidine*pos",-0.03,0.29,"Other"
"TiBP","N-acetyl-DL-serine*pos",-0.03,0.17,"Other"
"TiBP","N-Methyl-a-aminoisobutyric acid*pos",0.02,0.17,"Other"
"TiBP","N-methyl-D-aspartic acid*pos",-0.03,0.17,"Other"
"TiBP","normetanephrine*pos",-0.04,0.34,"Amino Acid"
"TiBP","Phe-Glu*pos",0.01,0.28,"Other"
"TiBP","Phosphocreatine*pos",-0.18,0.17,"Amino Acid"
"TiBP","Ser-His*pos",0.07,0.34,"Other"
"TiBP","Triethanolamine(chemical)*pos",-0.04,0.28,"Lipid"
"TiBP","Trigonelline*pos",0.04,0.01,"Cofactors and Vitamins"
"TiBP","Tyrosol*pos",0.04,0.17,"Amino Acid"
"TiBP","Uric acid*pos",-0.06,0.25,"Nucleotide"
"TiBP","2-Dehydro-L-gulonate/3-Dehydro-L-gulonate*neg",-0.02,0.18,"Carbohydrate"
"TiBP","2-Hydroxyadenine*neg",0.05,0.35,"Other"
"TiBP","2-Keto-6-acetamidocaproate*neg",-0.01,0.34,"Amino Acid"
"TiBP","3-Mercaptopyruvic acid*neg",0.04,0.25,"Amino Acid"
"TiBP","3-ureidopropionate*neg",-0.02,0.19,"Nucleotide"
"TiBP","4-(2-Amino-3-hydroxyphenyl)-2,4-dioxobutanoic acid*neg",-0.04,0.35,"Amino Acid"
"TiBP","4-Aminohippuric acid*neg",0.07,0.33,"Other"
"TiBP","5-oxo-D-proline*neg",-0.02,0.09,"Amino Acid"
"TiBP","6-carboxyhexanoate*neg",-0.02,0.27,"Cofactors and Vitamins"
"TiBP","6-Hydroxyhexanoic acid*neg",0.02,0.26,"Global"
"TiBP","Ala-Asn*neg",0.05,0.17,"Other"
"TiBP","Arabinose*neg",-0.02,0.12,"Other"
"TiBP","Arabinose/Xylulose/Ribulose/Arabinose/Ribose/Xylose/Lyxose*neg",-0.02,0.12,"Other"
"TiBP","Asn-Ala*neg",0.05,0.17,"Other"
"TiBP","Butoxyacetic acid*neg",0.02,0.26,"Other"
"TiBP","Butyric acid(C4:0)*neg",-0.01,0.17,"Carbohydrate"
"TiBP","Butyrylcarnitine*neg",0.03,0.33,"Other"
"TiBP","Dantron*neg",-0.01,0.33,"Other"
"TiBP","Deoxycytidine*neg",0.03,0.3,"Nucleotide"
"TiBP","D-gluconate*neg",-0.01,0.09,"Carbohydrate"
"TiBP","D-glucono-1,5-lactone*neg",-0.01,0.09,"Carbohydrate"
"TiBP","D-Glucuronic acid*neg",-0.02,0.18,"Carbohydrate"
"TiBP","D-Glutamic acid*neg",-0.01,0.12,"Amino Acid"
"TiBP","DL-2-Aminooctanoic acid*neg",0.02,0.27,"Other"
"TiBP","Ethylmalonic acid*neg",-0.01,0.35,"Other"
"TiBP","galacturonic acid*neg",-0.01,0.19,"Other"
"TiBP","Gln-Gly*neg",0.05,0.17,"Other"
"TiBP","Gluconic acid*neg",-0.02,0.28,"Carbohydrate"
"TiBP","Gluconolactone*neg",-0.01,0.09,"Carbohydrate"
"TiBP","glucosaminate*neg",0.03,0.12,"Carbohydrate"
"TiBP","Glu-Phe*neg",0.03,0.09,"Other"
"TiBP","Glutaric acid*neg",-0.01,0.25,"Lipid"
"TiBP","Glycochenodeoxycholic acid/GUDCA*neg",0.04,0.33,"Carbohydrate"
"TiBP","Gly-Gln*neg",0.05,0.17,"Other"
"TiBP","Guanine*neg",0.05,0.34,"Nucleotide"
"TiBP","L-3-Phenyllactic acid*neg",0.05,0.33,"Amino Acid"
"TiBP","L-Acetylcarnitine*neg",0.02,0.12,"Other"
"TiBP","L-Asparagine*neg",-0.02,0.17,"Amino Acid"
"TiBP","L-Aspartate*neg",-0.01,0.34,"Amino Acid"
"TiBP","L-Erythrulose*neg",-0.01,0.33,"Other"
"TiBP","Leucinic acid;Hydroxyisocaproic acid*neg",0.01,0.29,"Other"
"TiBP","L-glutamic acid*neg",-0.01,0.12,"Amino Acid"
"TiBP","L-kynurenine*neg",0.03,0.27,"Amino Acid"
"TiBP","LPE(18:1)-H*neg",-0.07,0.11,"Other"
"TiBP","m-Coumaric acid/2-Hydroxycinnamic acid*neg",0.1,0.12,"Amino Acid"
"TiBP","methyl-D-galactoside*neg",0.04,0.12,"Other"
"TiBP","Methylsuccinic acid*neg",-0.01,0.25,"Other"
"TiBP","Monoethyl malonic acid*neg",-0.01,0.25,"Other"
"TiBP","N-acetylleucine*neg",0.02,0.07,"Other"
"TiBP","N-Acetylneuraminic acid*neg",-0.03,0.12,"Other"
"TiBP","N-Acetylserine*neg",-0.01,0.12,"Other"
"TiBP","N-amidino-L-aspartate*neg",-0.01,0.11,"Other"
"TiBP","Nitrotyrosine*neg",0.05,0.33,"Other"
"TiBP","N-methyl-D-aspartic acid*neg",-0.01,0.12,"Other"
"TiBP","O-Acetyl-L-serine*neg",-0.01,0.12,"Amino Acid"
"TiBP","Phe-Glu*neg",0.03,0.09,"Other"
"TiBP","Phenylpyruvic acid*neg",0.03,0.25,"Amino Acid"
"TiBP","Pimelic acid*neg",-0.02,0.28,"Cofactors and Vitamins"
"TiBP","Pro-Tyr*neg",0.02,0.17,"Other"
"TiBP","Purine*neg",-0.01,0.33,"Other"
"TiBP","Pyroglutamic acid*neg",-0.02,0.09,"Amino Acid"
"TiBP","Pyrrole-2-carboxylic acid*neg",-0.02,0.2,"Amino Acid"
"TiBP","Pyrrolidonecarboxylic acid*neg",-0.01,0.09,"Amino Acid"
"TiBP","riboflavin*neg",0.04,0.33,"Cofactors and Vitamins"
"TiBP","Stearic acid(18:0)*neg",-0.03,0.19,"Lipid"
"TiBP","Threonic acid*neg",-0.01,0.33,"Carbohydrate"
"TiBP","Tridecylic acid(C13:0)*neg",-0.02,0.34,"Other"
"TiBP","Tyr-Pro*neg",0.02,0.17,"Other"
"TiBP","Uric acid*neg",-0.03,0.19,"Nucleotide"
"DBP","(R)-lipoic acid; DL-Thioctic acid*pos",0.09,0,"Cofactors and Vitamins"
"DBP","(S)-2,3,4,5-Tetrahydropyridine-2-carboxylate/D-1-Piperideine-2-carboxylic acid*pos",0.07,0.01,"Amino Acid"
"DBP","1-Methylhistamine*pos",0.02,0.05,"Amino Acid"
"DBP","2,3-diaminopropionic acid*pos",-0.04,0,"Global"
"DBP","2-Aminobenzoic acid/p-Aminobenzoic acid*pos",-0.03,0.01,"Amino Acid"
"DBP","2'-deoxyadenosine*pos",-0.04,0.05,"Nucleotide"
"DBP","2-Hydroxyadenine*pos",-0.1,0,"Other"
"DBP","2-Methoxybenzoic acid*pos",-0.03,0,"Other"
"DBP","2-Methylbutyrylglycine*pos",-0.04,0,"Other"
"DBP","3-Dehydrocarnitine*pos",-0.04,0,"Other"
"DBP","3-Hydroxyanthranilic acid*pos",-0.04,0,"Amino Acid"
"DBP","3-Hydroxyisovalerylcarnitine*pos",-0.02,0.01,"Other"
"DBP","3-hydroxy-N6,N6,N6-trimethyl-L-lysine*pos",-0.04,0.03,"Amino Acid"
"DBP","3-hydroxyoctanoyl carnitine*pos",-0.06,0,"Other"
"DBP","3-Hydroxypicolinic acid*pos",-0.07,0.01,"Other"
"DBP","3-Methoxybenzoic acid*pos",-0.03,0,"Other"
"DBP","3-methylhistamine*pos",0.02,0.05,"Other"
"DBP","4-(2-Aminophenyl)-2,4-dioxobutanoic acid*pos",0.45,0,"Amino Acid"
"DBP","4-aminobenzoate*pos",-0.03,0.01,"Cofactors and Vitamins"
"DBP","4-Aminohippuric acid*pos",-0.02,0.04,"Other"
"DBP","4-Aminopyridine*pos",0.04,0.02,"Other"
"DBP","4-hydroxy-2-quinolinecarboxylic acid*pos",-0.02,0,"Amino Acid"
"DBP","4-hydroxy-L-phenylglycine*pos",0.08,0.02,"Other"
"DBP","5-Aminopentanoic acid*pos",-0.05,0,"Amino Acid"
"DBP","5'-deoxyadenosine*pos",-0.04,0.05,"Other"
"DBP","5-Hydroxy-L-tryptophan*pos",-0.02,0,"Amino Acid"
"DBP","5-Methylcytidine/2-O-Methylcytidine*pos",-0.04,0,"Other"
"DBP","5-methylcytosine*pos",-0.01,0,"Nucleotide"
"DBP","6-hydroxynicotinate*pos",-0.07,0.02,"Cofactors and Vitamins"
"DBP","Acetyl-N-formyl-5-methoxykynurenamine*pos",0.03,0.03,"Amino Acid"
"DBP","Ala-His*pos",-0.02,0.05,"Other"
"DBP","Allantoic acid*pos",-0.05,0.04,"Nucleotide"
"DBP","Androstenedione*pos",0.13,0.01,"Lipid"
"DBP","Anthranilate*pos",-0.03,0.01,"Amino Acid"
"DBP","Asp-Pro*pos",-0.01,0.05,"Other"
"DBP","Asymmetric dimethylarginine*pos",-0.02,0,"Other"
"DBP","Benzylamine*pos",0.04,0,"Other"
"DBP","Cadaverine*pos",0.12,0.01,"Amino Acid"
"DBP","cis-5-Tetradecenoylcarnitine*pos",-0.09,0,"Other"
"DBP","Citraconic acid*pos",-0.08,0.05,"Amino Acid"
"DBP","Cytosine*pos",0.06,0,"Nucleotide"
"DBP","D-(-)-Arabinose*pos",-0.02,0.03,"Other"
"DBP","D-(+)-Glucose*pos",0.17,0.03,"Carbohydrate"
"DBP","Dantron*pos",-0.01,0.01,"Other"
"DBP","Deoxyadenosine*pos",-0.04,0.01,"Nucleotide"
"DBP","Deoxycytidine*pos",-0.07,0,"Nucleotide"
"DBP","Deoxyguanosine*pos",-0.05,0,"Nucleotide"
"DBP","Deoxyinosine*pos",-0.03,0.02,"Nucleotide"
"DBP","D-Galactose*pos",0.17,0.03,"Carbohydrate"
"DBP","D-Glucosamine 6-phosphate*pos",-0.11,0,"Amino Acid"
"DBP","D-Glucuronic acid*pos",0.09,0,"Carbohydrate"
"DBP","Dimethylurea*pos",0.07,0,"Other secondary metabolites"
"DBP","DL-Homocysteine*pos",-0.06,0.04,"Amino Acid"
"DBP","Docosahexaenoic acid*pos",-0.04,0.02,"Lipid"
"DBP","erythritol*pos",-0.11,0.05,"Other"
"DBP","Flavone*pos",0.04,0,"Other"
"DBP","Galactitol*pos",-0.04,0.01,"Carbohydrate"
"DBP","Gln-Asp*pos",-0.03,0.02,"Other"
"DBP","Gluconolactone*pos",0.12,0.03,"Carbohydrate"
"DBP","Glycerylphosphorylethanolamine*pos",-0.04,0,"Lipid"
"DBP","Gly-Ser*pos",-0.05,0,"Other"
"DBP","Guanidineacetic acid*pos",-0.02,0.03,"Amino Acid"
"DBP","Guanine*pos",-0.07,0.02,"Nucleotide"
"DBP","Hexylresorcinol*pos",0.21,0,"Other"
"DBP","His-Ala*pos",-0.02,0.03,"Other"
"DBP","His-His*pos",0.26,0,"Other"
"DBP","His-Ile/His-Leu*pos",-0.07,0,"Other"
"DBP","Hypoxanthine*pos",-0.07,0,"Nucleotide"
"DBP","Iditol/Mannitol/Dulcitol*pos",-0.05,0,"Other"
"DBP","Indoleacetaldehyde*pos",-0.03,0.02,"Amino Acid"
"DBP","Inosine*pos",-0.06,0,"Nucleotide"
"DBP","Isovalerylglycine*pos",-0.04,0,"Other"
"DBP","Kainic acid*pos",0.05,0,"Other"
"DBP","Ketoleucine*pos",-0.02,0.05,"Amino Acid"
"DBP","Kynurenic acid*pos",-0.02,0,"Amino Acid"
"DBP","Leu-His*pos",-0.07,0,"Other"
"DBP","L-Homocysteine*pos",-0.06,0.04,"Amino Acid"
"DBP","L-Isoleucine*pos",-0.02,0,"Amino Acid"
"DBP","L-Kynurenine*pos",0.03,0.04,"Amino Acid"
"DBP","L-Leucine*pos",-0.04,0,"Amino Acid"
"DBP","L-pipecolic acid*pos",0.09,0,"Amino Acid"
"DBP","L-threonine*pos",-0.01,0.05,"Amino Acid"
"DBP","Malonylcarnitine*pos",-0.05,0.01,"Other"
"DBP","Mandelic acid*pos",-0.03,0,"Global"
"DBP","Methylcysteine*pos",-0.06,0.03,"Other"
"DBP","Methylmalonic acid*pos",-0.13,0,"Nucleotide"
"DBP","mevalolactone*pos",-0.02,0.03,"Other"
"DBP","Muramic acid*pos",-0.03,0,"Other"
"DBP","N??-Acetyl-L-lysine-1*pos",-0.03,0,"Other"
"DBP","N??-Acetyl-L-lysine-2*pos",-0.03,0,"Other"
"DBP","N1-Acetylspermidine*pos",-0.03,0,"Other"
"DBP","N4-Acetylaminobutanal*pos",0.09,0,"Amino Acid"
"DBP","N-acetyl-5-methoxykynurenamine*pos",-0.02,0.03,"Amino Acid"
"DBP","N-Alpha-acetyllysine*pos",-0.03,0,"Other"
"DBP","Nicotinamide Ribose*pos",-0.02,0,"Cofactors and Vitamins"
"DBP","Nicotinamide ribotide*pos",0.15,0.03,"Cofactors and Vitamins"
"DBP","N-Methyl-a-aminoisobutyric acid*pos",-0.04,0,"Other"
"DBP","noradrenaline*pos",-0.03,0.01,"Amino Acid"
"DBP","Norepinephrine*pos",-0.03,0.01,"Amino Acid"
"DBP","O-succinyl-L-homoserine*pos",-0.03,0.03,"Amino Acid"
"DBP","Pantothenic Acid(VB5)*pos",-0.02,0,"Amino Acid"
"DBP","paraxanthine*pos",0.18,0.02,"Other secondary metabolites"
"DBP","Porphobilinogen*pos",0.07,0,"Other"
"DBP","Pregnenolone*pos",-0.05,0.04,"Lipid"
"DBP","Prenyl-L-cysteine*pos",-0.07,0,"Other"
"DBP","Pro-Gln*pos",-0.03,0,"Other"
"DBP","Pro-Phe*pos",-0.07,0,"Other"
"DBP","Pro-Tyr*pos",0.05,0.03,"Other"
"DBP","Pseudouridine*pos",-0.21,0,"Nucleotide"
"DBP","Pyridoxal/2-Amino-3-methoxy-benzoic Acid*pos",0.1,0.01,"Cofactors and Vitamins"
"DBP","Pyridoxine*pos",-0.03,0.01,"Cofactors and Vitamins"
"DBP","Pyrrole-2-carboxylic acid*pos",-0.08,0,"Amino Acid"
"DBP","S-(-)-Carbidopa*pos",0.07,0,"Other"
"DBP","Ser-Gly*pos",-0.04,0,"Other"
"DBP","Serotonin*pos",-0.03,0.01,"Amino Acid"
"DBP","Sorbitol*pos",-0.05,0,"Carbohydrate"
"DBP","Succinylcarnitine-2*pos",-0.04,0.02,"Other"
"DBP","Tartaric acid*pos",0.08,0.02,"Carbohydrate"
"DBP","theobromine*pos",0.18,0.02,"Other secondary metabolites"
"DBP","Theophylline*pos",0.19,0.01,"Other secondary metabolites"
"DBP","Thr-Cys*pos",0.04,0.01,"Other"
"DBP","Tiglylglycine*pos",-0.01,0,"Other"
"DBP","Trigonelline*pos",-0.03,0.01,"Cofactors and Vitamins"
"DBP","Tyrosol*pos",-0.04,0.04,"Amino Acid"
"DBP","Tyr-Pro*pos",0.06,0.01,"Other"
"DBP","Uracil*pos",-0.05,0,"Nucleotide"
"DBP","Uric acid*pos",0.09,0,"Nucleotide"
"DBP","Urocanic acid*pos",0.02,0,"Amino Acid"
"DBP","Vidarabine*pos",-0.11,0,"Other"
"DBP","Xanthosine*pos",-0.06,0.03,"Nucleotide"
"DBP","Xanthurenic acid*pos",0.07,0,"Amino Acid"
"DBP","Xylulose/Ribulose/Arabinose/Ribose/Xylose/Lyxose*pos",-0.02,0.03,"Other"
"DBP","12(S)-HPETE*neg",-0.09,0,"Lipid"
"DBP","1H-Indole-4-carboxaldehyde*neg",-0.03,0,"Other"
"DBP","1-Hydroxy-2-aminoethylphosphonate*neg",0.02,0.04,"Other"
"DBP","1-Methyladenine*neg",-0.04,0.03,"Other"
"DBP","1-methyladenosine*neg",-0.02,0.02,"Other"
"DBP","2,3-dihydroxybenzoate*neg",-0.1,0,"Global"
"DBP","2,6-Dihydroxybenzoic acid*neg",-0.1,0,"Global"
"DBP","2-Acetylpyrrole*neg",-0.02,0.01,"Other"
"DBP","2-Aminomuconic acid*neg",-0.03,0,"Amino Acid"
"DBP","2-Furoic acid*neg",-0.02,0,"Global"
"DBP","2-Hydroxyadenine*neg",-0.08,0,"Other"
"DBP","2-Hydroxyphenethylamine/Tyramine*neg",-0.05,0,"Amino Acid"
"DBP","2-keto valeric acid*neg",-0.03,0,"Other"
"DBP","2-Phenylglycine*neg",-0.05,0.05,"Other"
"DBP","2-Pyrocatechuic acid*neg",-0.1,0,"Global"
"DBP","3-Furoic acid*neg",-0.02,0,"Other"
"DBP","3-Methoxy-4-hydroxyphenylethyleneglycol sulfate*neg",-0.03,0,"Other"
"DBP","3-Methyladenine*neg",-0.04,0.03,"Other"
"DBP","3-ureidopropionate*neg",0.04,0,"Nucleotide"
"DBP","4-Aminohippuric acid*neg",-0.09,0.03,"Other"
"DBP","4-guanidinobutanoate*neg",0.07,0.04,"Amino Acid"
"DBP","4-hydroxy-2-quinolinecarboxylic acid*neg",-0.03,0,"Amino Acid"
"DBP","4-Imidazoleacetic acid*neg",-0.02,0,"Amino Acid"
"DBP","4-Pyridoxic acid*neg",-0.02,0,"Cofactors and Vitamins"
"DBP","5-Hydroxyindole-3-acetic acid*neg",-0.02,0.02,"Amino Acid"
"DBP","5-Hydroxyindoleacetic acid*neg",-0.02,0.02,"Amino Acid"
"DBP","5-oxo-D-proline*neg",0.02,0.01,"Amino Acid"
"DBP","6-carboxyhexanoate*neg",0.02,0.03,"Cofactors and Vitamins"
"DBP","7-Methyladenine*neg",-0.04,0.03,"Other"
"DBP","adenosine 3',5'-cyclic monophosphate*neg",-0.03,0,"Nucleotide"
"DBP","Adonitol*neg",0.03,0,"Carbohydrate"
"DBP","Ala-Asp*neg",0.02,0.02,"Other"
"DBP","Aldosterone*neg",-0.06,0,"Lipid"
"DBP","Allantoin*neg",0.03,0.03,"Other"
"DBP","allothreonine*neg",0.02,0,"Amino Acid"
"DBP","Arabinonic acid*neg",0.02,0.01,"Carbohydrate"
"DBP","Arabinose*neg",0.03,0,"Other"
"DBP","Arabinose/Xylulose/Ribulose/Arabinose/Ribose/Xylose/Lyxose*neg",0.03,0,"Other"
"DBP","Arabitol/Ribitol/Xylitol*neg",0.03,0,"Carbohydrate"
"DBP","Asn-Val*neg",-0.05,0,"Other"
"DBP","Asp-Ala*neg",0.02,0.02,"Other"
"DBP","Azelaic acid*neg",0.04,0.02,"Other"
"DBP","Benzoic acid*neg",0.03,0.04,"Other"
"DBP","beta-alanine*neg",0.02,0.01,"Nucleotide"
"DBP","Butyric acid(C4:0)*neg",-0.01,0.04,"Carbohydrate"
"DBP","Butyrylcarnitine*neg",-0.04,0.02,"Other"
"DBP","Cellobiose*neg",0.06,0,"Other"
"DBP","cis-4-Hydroxy-D-proline*neg",0.01,0.01,"Amino Acid"
"DBP","cis-Aconitic acid*neg",-0.01,0,"Carbohydrate"
"DBP","Citraconic acid*neg",-0.01,0,"Amino Acid"
"DBP","citrate*neg",-0.02,0.01,"Carbohydrate"
"DBP","cortisol*neg",-0.06,0,"Lipid"
"DBP","Cortisone*neg",-0.06,0,"Lipid"
"DBP","Cortolone*neg",-0.08,0,"Lipid"
"DBP","creatinine*neg",-0.02,0,"Amino Acid"
"DBP","D-(+)-Glucose*neg",0.04,0,"Other"
"DBP","D-alanine*neg",0.02,0.01,"Amino Acid"
"DBP","D-Arabinose 5-phosphate/D-Ribulose 5-phosphate*neg",-0.02,0.02,"Carbohydrate"
"DBP","D-Arabitol*neg",0.03,0,"Carbohydrate"
"DBP","Dehydroascorbic acid*neg",-0.01,0,"Carbohydrate"
"DBP","Deoxycytidine*neg",-0.07,0,"Nucleotide"
"DBP","D-galactose 1-phosphate*neg",-0.04,0,"Carbohydrate"
"DBP","D-Glucose 1-phosphate*neg",-0.04,0,"Carbohydrate"
"DBP","D-Glucose-6-phosphate*neg",-0.04,0,"Other"
"DBP","D-Glutamylglycine*neg",0.02,0.02,"Other"
"DBP","Dimethyl sulfone*neg",0.05,0,"Energy"
"DBP","D-lactose*neg",0.06,0,"Other"
"DBP","D-mannose 6-phosphate*neg",-0.04,0,"Carbohydrate"
"DBP","D-Xylitol*neg",0.03,0,"Carbohydrate"
"DBP","D-Xylulose 5-phosphate*neg",-0.02,0.02,"Carbohydrate"
"DBP","Epinephrine*neg",-0.06,0.03,"Amino Acid"
"DBP","erythritol*neg",0.02,0.01,"Other"
"DBP","Estrone glucuronide*neg",-0.16,0,"Lipid"
"DBP","FA(22:4)-H*neg",0.02,0.01,"Other"
"DBP","Formylkynurenine*neg",-0.02,0.04,"Other"
"DBP","Fructose 1,6-bisphosphate*neg",-0.22,0,"Carbohydrate"
"DBP","Gentisic acid(2,5-dihydroxybenzoic acid)*neg",-0.1,0,"Amino Acid"
"DBP","Gluconic acid*neg",0.03,0,"Carbohydrate"
"DBP","Glu-Gly*neg",0.02,0.02,"Other"
"DBP","Glu-Ile*neg",-0.09,0.01,"Other"
"DBP","Glu-Leu*neg",-0.09,0.01,"Other"
"DBP","Glyceric acid*neg",0.04,0,"Carbohydrate"
"DBP","Glycerophosphocholine*neg",-0.03,0,"Lipid"
"DBP","Glycineamideribotide*neg",-0.06,0.01,"Nucleotide"
"DBP","Gly-Glu*neg",0.02,0.02,"Other"
"DBP","Guanine*neg",-0.07,0.01,"Nucleotide"
"DBP","Histidine*neg",0.01,0.04,"Amino Acid"
"DBP","Homogentisic acid*neg",0.02,0,"Cofactors and Vitamins"
"DBP","Ile-Val*neg",-0.06,0.03,"Other"
"DBP","Inosine*neg",-0.07,0,"Nucleotide"
"DBP","isocitric acid*neg",-0.02,0.01,"Carbohydrate"
"DBP","Itaconic acid*neg",-0.01,0,"Global"
"DBP","Kynurenic acid*neg",-0.03,0,"Amino Acid"
"DBP","L-Acetylcarnitine*neg",-0.02,0,"Other"
"DBP","lactate*neg",0.03,0,"Carbohydrate"
"DBP","L-alanine*neg",0.02,0,"Amino Acid"
"DBP","L-Arabitol*neg",0.02,0,"Carbohydrate"
"DBP","L-Asparagine*neg",0.03,0,"Amino Acid"
"DBP","L-Aspartate*neg",0.02,0.01,"Amino Acid"
"DBP","L-Cystathionine*neg",0.09,0,"Amino Acid"
"DBP","Leu-Glu*neg",-0.02,0.05,"Other"
"DBP","Leu-Val*neg",-0.06,0.03,"Other"
"DBP","Levoglucosan/L-Rhamnono-1,4-lactone/2-Dehydro-3-deoxy-L-rhamnonate/(R)-2-Ethylmalate/(2R,3S)-2,3-Dimethylmalate/(R)-3,3-Dimethylmalate*neg",-0.01,0.04,"Other"
"DBP","L-Glutamine*neg",0.03,0,"Amino Acid"
"DBP","Lipoic acid*neg",-0.01,0,"Cofactors and Vitamins"
"DBP","L-Isoleucine/L-Leucine*neg",-0.03,0,"Amino Acid"
"DBP","L-lyxonate*neg",0.02,0.01,"Other"
"DBP","LPE(18:1)-H*neg",-0.06,0.02,"Other"
"DBP","L-Phenylalanine*neg",-0.02,0,"Amino Acid"
"DBP","L-serine*neg",0.02,0.02,"Amino Acid"
"DBP","L-threonine*neg",0.02,0,"Amino Acid"
"DBP","L-tryptophan*neg",-0.03,0,"Amino Acid"
"DBP","L-Tyrosine*neg",-0.03,0,"Cofactors and Vitamins"
"DBP","L-Xylonate*neg",0.02,0.01,"Other"
"DBP","Methoxyacetic acid*neg",0.03,0,"Other"
"DBP","methyl-D-galactoside*neg",-0.05,0,"Other"
"DBP","Methylmalonic acid*neg",-0.02,0.01,"Nucleotide"
"DBP","Myoinositol*neg",0.03,0,"Carbohydrate"
"DBP","N4-Acetylaminobutanal*neg",0.04,0,"Amino Acid"
"DBP","N-Acetylaspartylglutamic acid*neg",-0.03,0,"Amino Acid"
"DBP","N-Acetyl-DL-methionine*neg",-0.05,0,"Other"
"DBP","N-Acetylglutamic acid*neg",-0.02,0,"Amino Acid"
"DBP","N-Acetylglutamine*neg",0.02,0,"Other"
"DBP","N-acetyl-L-alanine*neg",0.01,0.01,"Other"
"DBP","N-acetyl-L-aspartic acid*neg",-0.02,0,"Amino Acid"
"DBP","N-Acetylneuraminic acid*neg",0.04,0,"Other"
"DBP","N-Acetylornithine*neg",-0.04,0.02,"Amino Acid"
"DBP","N-acetyl-serotonin sulfate*neg",-0.08,0.01,"Other"
"DBP","N-alpha-acetyl-L-asparagine*neg",0.03,0,"Other"
"DBP","N-formylglycine*neg",0.02,0.01,"Other"
"DBP","N-Methyl-a-aminoisobutyric acid*neg",-0.02,0,"Other"
"DBP","Norepinephrine*neg",-0.03,0,"Amino Acid"
"DBP","normetanephrine*neg",-0.06,0.02,"Amino Acid"
"DBP","O-Phosphorylethanolamine*neg",0.02,0.04,"Carbohydrate"
"DBP","Oxalacetic acid*neg",-0.06,0.02,"Carbohydrate"
"DBP","Oxypurinol*neg",-0.02,0.04,"Other"
"DBP","Pantothenic acid*neg",-0.04,0,"Amino Acid"
"DBP","PG(16:0_18:1)-H*neg",0.04,0.01,"Other"
"DBP","Phenylglyoxylic acid*neg",-0.06,0.04,"Amino Acid"
"DBP","Phe-Pro*neg",-0.04,0,"Other"
"DBP","Pimelic acid*neg",0.02,0.03,"Cofactors and Vitamins"
"DBP","Pipecolic acid*neg",0.04,0,"Amino Acid"
"DBP","Porphobilinogen*neg",0.03,0.05,"Other"
"DBP","Pro-Phe*neg",-0.04,0,"Other"
"DBP","Prostaglandin G2*neg",-0.07,0,"Lipid"
"DBP","Pro-Tyr*neg",-0.04,0,"Other"
"DBP","Pyridoxine*neg",-0.03,0,"Cofactors and Vitamins"
"DBP","Pyroglutamic acid*neg",0.01,0.02,"Amino Acid"
"DBP","Pyrrole-2-carboxylic acid*neg",0.02,0.05,"Amino Acid"
"DBP","Pyrrolidonecarboxylic acid*neg",0.01,0.04,"Amino Acid"
"DBP","Pyruvic acid*neg",-0.01,0.04,"Carbohydrate"
"DBP","ribose 5-phosphate*neg",-0.02,0.02,"Carbohydrate"
"DBP","Ribothymidine*neg",-0.03,0,"Other"
"DBP","S-(-)-Carbidopa*neg",0.03,0.03,"Other"
"DBP","sarcosine*neg",0.02,0.01,"Amino Acid"
"DBP","Shikimic acid*neg",0.02,0.02,"Amino Acid"
"DBP","succinate*neg",-0.02,0.01,"Carbohydrate"
"DBP","Sucrose*neg",0.06,0,"Carbohydrate"
"DBP","Sulfate*neg",0.1,0,"Nucleotide"
"DBP","Sulfoacetate*neg",-0.03,0,"Amino Acid"
"DBP","Syringic acid*neg",-0.02,0,"Global"
"DBP","Tagatose/Gulose/Fructose/Galactose/Mannose/Sorbose/Allose*neg",0.04,0,"Carbohydrate"
"DBP","Tartaric acid*neg",-0.11,0.02,"Carbohydrate"
"DBP","Taurine*neg",0.06,0,"Lipid"
"DBP","Thr-Pro*neg",-0.04,0,"Other"
"DBP","Thymine*neg",-0.02,0,"Nucleotide"
"DBP","trans-4-hydroxyproline*neg",0.01,0,"Amino Acid"
"DBP","trans-aconitate*neg",-0.01,0,"Global"
"DBP","Traumatic acid*neg",0.03,0.02,"Lipid"
"DBP","trehalose*neg",0.06,0,"Carbohydrate"
"DBP","Tyr-Pro*neg",-0.04,0,"Other"
"DBP","Uracil*neg",-0.05,0.01,"Nucleotide"
"DBP","Uric acid*neg",0.03,0.01,"Nucleotide"
"DBP","Uridine*neg",-0.03,0,"Nucleotide"
"DBP","Urocanic acid*neg",-0.12,0,"Amino Acid"
"DBP","Val-Ile*neg",-0.06,0.03,"Other"
"DBP","Val-Leu*neg",-0.06,0.03,"Other"
"DBP","Xanthine*neg",-0.02,0.04,"Nucleotide"
"DBP","Xanthosine*neg",-0.02,0,"Nucleotide"
"DBP","xanthurenic acid*neg",-0.09,0,"Amino Acid"
"DPHP","(2S,4R,5S)-Muscarine*pos",0.07,0.02,"Other"
"DPHP","15-Deoxy-d-12,14-PGJ2*pos",0.05,0,"Lipid"
"DPHP","2-Acetylpyrrole*pos",0.06,0,"Other"
"DPHP","2-Aminobenzoic acid/p-Aminobenzoic acid*pos",-0.03,0.04,"Amino Acid"
"DPHP","2-Aminophenol*pos",0.06,0,"Amino Acid"
"DPHP","2-Methylbutyrylglycine*pos",-0.04,0.01,"Other"
"DPHP","3,4-Dimethoxyphenylethylamine*pos",0.17,0.04,"Other"
"DPHP","3-Dehydrocarnitine*pos",-0.04,0.01,"Other"
"DPHP","3-Deoxy-D-glycero-D-galacto-2-nonulosonic acid*pos",-0.06,0.02,"Other"
"DPHP","3-Hydroxyanthranilic acid*pos",-0.03,0.01,"Amino Acid"
"DPHP","3-hydroxy-N6,N6,N6-trimethyl-L-lysine*pos",-0.05,0.01,"Amino Acid"
"DPHP","3-hydroxyoctanoyl carnitine*pos",-0.05,0,"Other"
"DPHP","3-methoxytyramine*pos",0.08,0.01,"Amino Acid"
"DPHP","4-(2-Aminophenyl)-2,4-dioxobutanoic acid*pos",0.29,0,"Amino Acid"
"DPHP","4a-Hydroxytetrahydrobiopterin*pos",-0.04,0,"Cofactors and Vitamins"
"DPHP","4-aminobenzoate*pos",-0.03,0.04,"Cofactors and Vitamins"
"DPHP","4-Aminophenol*pos",0.06,0,"Global"
"DPHP","4-hydroxy-2-quinolinecarboxylic acid*pos",-0.02,0.03,"Amino Acid"
"DPHP","5-Aminopentanoic acid*pos",-0.06,0,"Amino Acid"
"DPHP","5-methylcytosine*pos",-0.02,0,"Nucleotide"
"DPHP","Anthranilate*pos",-0.03,0.04,"Amino Acid"
"DPHP","Asp-Ser*pos",0.02,0.04,"Other"
"DPHP","cis-5-Tetradecenoylcarnitine*pos",-0.06,0.05,"Other"
"DPHP","Cytosine*pos",0.03,0.01,"Nucleotide"
"DPHP","Deoxyguanosine*pos",-0.04,0,"Nucleotide"
"DPHP","Deoxyinosine*pos",-0.04,0.01,"Nucleotide"
"DPHP","D-Glucosamine 6-phosphate*pos",-0.09,0,"Amino Acid"
"DPHP","Dimethylurea*pos",0.04,0.04,"Other secondary metabolites"
"DPHP","erythritol*pos",-0.13,0.02,"Other"
"DPHP","Geranyl pyrophosphate*pos",-0.1,0.01,"Cofactors and Vitamins"
"DPHP","Hexylresorcinol*pos",0.22,0,"Other"
"DPHP","His-Ile/His-Leu*pos",-0.08,0,"Other"
"DPHP","Iditol/Mannitol/Dulcitol*pos",-0.04,0.01,"Other"
"DPHP","Ile-His*pos",-0.08,0.02,"Other"
"DPHP","Ile-Trp*pos",-0.02,0.01,"Other"
"DPHP","Iminodiacetate(IDA)*pos",0.09,0.01,"Other"
"DPHP","Indoleacetaldehyde*pos",-0.03,0.04,"Amino Acid"
"DPHP","Inosine*pos",-0.05,0.03,"Nucleotide"
"DPHP","Isovalerylglycine*pos",-0.04,0.01,"Other"
"DPHP","Kainic acid*pos",0.04,0.03,"Other"
"DPHP","Kynurenic acid*pos",-0.02,0.03,"Amino Acid"
"DPHP","Leu-His*pos",-0.09,0,"Other"
"DPHP","Leu-Trp*pos",-0.02,0.01,"Other"
"DPHP","L-Isoleucine*pos",-0.01,0.01,"Amino Acid"
"DPHP","L-Leucine*pos",-0.03,0.01,"Amino Acid"
"DPHP","L-pipecolic acid*pos",0.06,0,"Amino Acid"
"DPHP","L-Proline*pos",-0.01,0.03,"Amino Acid"
"DPHP","Methylmalonic acid*pos",-0.12,0,"Nucleotide"
"DPHP","N4-Acetylaminobutanal*pos",0.06,0,"Amino Acid"
"DPHP","N-acetyl-5-methoxykynurenamine*pos",-0.02,0.04,"Amino Acid"
"DPHP","N-Acetyl-D-glucosamine*pos",-0.04,0.03,"Carbohydrate"
"DPHP","N-Acetyl-D-mannosamine*pos",-0.04,0.03,"Carbohydrate"
"DPHP","N-Acetylputrescine*pos",-0.01,0.02,"Amino Acid"
"DPHP","normetanephrine*pos",-0.06,0.03,"Amino Acid"
"DPHP","O-succinyl-L-homoserine*pos",-0.03,0.04,"Amino Acid"
"DPHP","Prenyl-L-cysteine*pos",-0.05,0.03,"Other"
"DPHP","Pro-Gln*pos",-0.04,0,"Other"
"DPHP","Pro-Phe*pos",-0.04,0.02,"Other"
"DPHP","Pseudouridine*pos",-0.16,0,"Nucleotide"
"DPHP","Pyrrole-2-carboxylic acid*pos",-0.06,0.01,"Amino Acid"
"DPHP","Ser-Asp*pos",0.02,0.04,"Other"
"DPHP","Serotonin*pos",-0.02,0.05,"Amino Acid"
"DPHP","Sorbitol*pos",-0.04,0.02,"Carbohydrate"
"DPHP","Tiglylglycine*pos",-0.01,0.02,"Other"
"DPHP","Trigonelline*pos",-0.03,0.04,"Cofactors and Vitamins"
"DPHP","Trp-Ile*pos",-0.02,0.01,"Other"
"DPHP","Trp-Leu*pos",-0.02,0.01,"Other"
"DPHP","Vidarabine*pos",-0.1,0,"Other"
"DPHP","Xanthurenic acid*pos",0.04,0.01,"Amino Acid"
"DPHP","12(S)-HPETE*neg",-0.08,0,"Lipid"
"DPHP","1-Methyladenine*neg",-0.04,0.04,"Other"
"DPHP","1-methyladenosine*neg",-0.04,0,"Other"
"DPHP","2,3-dihydroxybenzoate*neg",-0.07,0,"Global"
"DPHP","2,6-Dihydroxybenzoic acid*neg",-0.07,0,"Global"
"DPHP","2-Acetylpyrrole*neg",-0.03,0,"Other"
"DPHP","2-deoxy-D-glucose*neg",0.02,0,"Other"
"DPHP","2-Heptanone/4-Heptanone*neg",0.06,0,"Other"
"DPHP","2-Hydroxyphenethylamine/Tyramine*neg",-0.04,0.01,"Amino Acid"
"DPHP","2-keto valeric acid*neg",-0.02,0,"Other"
"DPHP","2-Pyrocatechuic acid*neg",-0.07,0,"Global"
"DPHP","3-amino-4-hydroxybenzoic acid*neg",-0.02,0,"Other"
"DPHP","3-amino-5-hydroxybenzoic acid*neg",-0.02,0,"Other"
"DPHP","3-Guanidinopropionic acid*neg",0.05,0.02,"Other"
"DPHP","3-Hydroxy-2-methylpyridine-5-carboxylate*neg",-0.02,0,"Cofactors and Vitamins"
"DPHP","3-hydroxyanthranilate*neg",-0.02,0,"Amino Acid"
"DPHP","3-Hydroxyisovaleric acid*neg",-0.02,0.04,"Amino Acid"
"DPHP","3-Methoxy-4-hydroxyphenylethyleneglycol sulfate*neg",-0.02,0.01,"Other"
"DPHP","3-methoxy-L-tyrosine*neg",0.09,0,"Other"
"DPHP","3-Methyladenine*neg",-0.04,0.04,"Other"
"DPHP","3-ureidopropionate*neg",0.03,0,"Nucleotide"
"DPHP","4-guanidinobutanoate*neg",0.1,0,"Amino Acid"
"DPHP","4-Imidazoleacetic acid*neg",-0.02,0.01,"Amino Acid"
"DPHP","4-Nitrocatechol*neg",0.02,0.04,"Global"
"DPHP","4-Pyridoxic acid*neg",-0.03,0,"Cofactors and Vitamins"
"DPHP","5-oxo-D-proline*neg",0.02,0,"Amino Acid"
"DPHP","6-carboxyhexanoate*neg",0.03,0,"Cofactors and Vitamins"
"DPHP","6-deoxy-L-galactose*neg",0.02,0,"Carbohydrate"
"DPHP","7-Methyladenine*neg",-0.04,0.04,"Other"
"DPHP","Adonitol*neg",0.02,0,"Carbohydrate"
"DPHP","Ala-Asn*neg",0.1,0,"Other"
"DPHP","Ala-Asp*neg",0.03,0.01,"Other"
"DPHP","Allantoin*neg",0.03,0.04,"Other"
"DPHP","Arabitol/Ribitol/Xylitol*neg",0.02,0,"Carbohydrate"
"DPHP","Arg-Asn*neg",0.06,0,"Other"
"DPHP","Asn-Ala*neg",0.1,0,"Other"
"DPHP","Asn-Val*neg",-0.03,0,"Other"
"DPHP","Asp-Ala*neg",0.03,0.01,"Other"
"DPHP","Asp-Thr*neg",0.02,0.01,"Other"
"DPHP","Asymmetric dimethylarginine*neg",-0.01,0,"Other"
"DPHP","Azelaic acid*neg",0.07,0,"Other"
"DPHP","beta-alanine*neg",0.02,0,"Nucleotide"
"DPHP","Butyric acid(C4:0)*neg",-0.02,0,"Carbohydrate"
"DPHP","cis-4-Hydroxy-D-proline*neg",0.01,0.02,"Amino Acid"
"DPHP","citrate*neg",-0.03,0,"Carbohydrate"
"DPHP","cortisol*neg",-0.05,0,"Lipid"
"DPHP","Creatine*neg",0.05,0.02,"Amino Acid"
"DPHP","D-alanine*neg",0.02,0,"Amino Acid"
"DPHP","D-Arabitol*neg",0.02,0,"Carbohydrate"
"DPHP","Deoxycytidine*neg",-0.05,0,"Nucleotide"
"DPHP","deoxyribose*neg",0.02,0.03,"Carbohydrate"
"DPHP","D-Fucose*neg",0.02,0,"Other"
"DPHP","D-Glutamylglycine*neg",0.03,0.01,"Other"
"DPHP","Diaminopimelic acid*neg",0.02,0.01,"Amino Acid"
"DPHP","D-Xylitol*neg",0.02,0,"Carbohydrate"
"DPHP","Epinephrine*neg",-0.07,0.02,"Amino Acid"
"DPHP","Ethylmalonic acid*neg",-0.01,0.01,"Other"
"DPHP","Gentisic acid(2,5-dihydroxybenzoic acid)*neg",-0.07,0,"Amino Acid"
"DPHP","Gln-Gly*neg",0.1,0,"Other"
"DPHP","Glu-Gly*neg",0.03,0.01,"Other"
"DPHP","Glutaric acid*neg",-0.01,0.02,"Lipid"
"DPHP","Glyceric acid*neg",0.02,0,"Carbohydrate"
"DPHP","Glycineamideribotide*neg",-0.07,0,"Nucleotide"
"DPHP","Gly-Gln*neg",0.1,0,"Other"
"DPHP","Gly-Glu*neg",0.03,0.01,"Other"
"DPHP","Hexadecanedioic acid*neg",0.09,0,"Global"
"DPHP","hippurate*neg",-0.04,0.02,"Global"
"DPHP","Homogentisic acid*neg",0.03,0,"Cofactors and Vitamins"
"DPHP","Inosine*neg",-0.06,0,"Nucleotide"
"DPHP","isocitric acid*neg",-0.03,0,"Carbohydrate"
"DPHP","Kainic acid*neg",0.06,0,"Other"
"DPHP","L-Cystathionine*neg",0.1,0,"Amino Acid"
"DPHP","L-Fucose*neg",0.02,0,"Carbohydrate"
"DPHP","L-Glutamine*neg",0.02,0,"Amino Acid"
"DPHP","Lipoic acid*neg",-0.01,0.01,"Cofactors and Vitamins"
"DPHP","LPE(18:1)-H*neg",-0.08,0,"Other"
"DPHP","L-rhamnose*neg",0.02,0,"Carbohydrate"
"DPHP","L-serine*neg",0.02,0.05,"Amino Acid"
"DPHP","L-threonine*neg",0.02,0.01,"Amino Acid"
"DPHP","Methylmalonic acid*neg",-0.03,0,"Nucleotide"
"DPHP","Methylsuccinic acid*neg",-0.01,0.02,"Other"
"DPHP","Monoethyl malonic acid*neg",-0.01,0.02,"Other"
"DPHP","Myoinositol*neg",0.04,0,"Carbohydrate"
"DPHP","N4-Acetylaminobutanal*neg",0.03,0.01,"Amino Acid"
"DPHP","N-Acetylaspartylglutamic acid*neg",-0.02,0,"Amino Acid"
"DPHP","N-Acetyl-DL-methionine*neg",-0.04,0,"Other"
"DPHP","N-Acetylglutamic acid*neg",-0.02,0.02,"Amino Acid"
"DPHP","N-acetylleucine*neg",-0.02,0.02,"Other"
"DPHP","N-Acetylneuraminic acid*neg",0.03,0.01,"Other"
"DPHP","N-Acetylornithine*neg",-0.04,0.01,"Amino Acid"
"DPHP","N-alpha-Acetyl-L-lysine(Acetyllysine)*neg",-0.02,0.02,"Other"
"DPHP","Nicotinic acid*neg",-0.01,0.04,"Cofactors and Vitamins"
"DPHP","Nitrotyrosine*neg",-0.06,0.04,"Other"
"DPHP","N-Methyl-a-aminoisobutyric acid*neg",-0.01,0.01,"Other"
"DPHP","Norepinephrine*neg",-0.02,0.01,"Amino Acid"
"DPHP","normetanephrine*neg",-0.07,0.02,"Amino Acid"
"DPHP","Oxypurinol*neg",-0.03,0,"Other"
"DPHP","Phenylglyoxylic acid*neg",-0.06,0.02,"Amino Acid"
"DPHP","Phe-Pro*neg",-0.02,0.05,"Other"
"DPHP","Phe-Thr*neg",0.08,0,"Other"
"DPHP","PI(18:0_20:4)-H*neg",-0.1,0.01,"Other"
"DPHP","Picolinic acid*neg",-0.01,0.04,"Amino Acid"
"DPHP","Pimelic acid*neg",0.03,0,"Cofactors and Vitamins"
"DPHP","Pipecolic acid*neg",0.03,0.01,"Amino Acid"
"DPHP","Porphobilinogen*neg",0.04,0.01,"Other"
"DPHP","Pro-Phe*neg",-0.02,0.05,"Other"
"DPHP","Prostaglandin G2*neg",-0.09,0,"Lipid"
"DPHP","Pro-Tyr*neg",-0.03,0,"Other"
"DPHP","Pyridoxine*neg",-0.02,0.01,"Cofactors and Vitamins"
"DPHP","Pyroglutamic acid*neg",0.02,0.01,"Amino Acid"
"DPHP","Pyrrolidonecarboxylic acid*neg",0.02,0.01,"Amino Acid"
"DPHP","Pyruvic acid*neg",-0.02,0.02,"Carbohydrate"
"DPHP","riboflavin*neg",0.06,0,"Cofactors and Vitamins"
"DPHP","S-(-)-Carbidopa*neg",0.04,0.01,"Other"
"DPHP","sarcosine*neg",0.02,0,"Amino Acid"
"DPHP","Sebacic acid*neg",0.04,0,"Other"
"DPHP","Shikimic acid*neg",0.03,0,"Amino Acid"
"DPHP","Suberic acid*neg",0.04,0,"Other"
"DPHP","succinate*neg",-0.03,0,"Carbohydrate"
"DPHP","Sulfate*neg",0.06,0,"Nucleotide"
"DPHP","Taurine*neg",0.04,0.03,"Lipid"
"DPHP","Thymine*neg",-0.02,0.01,"Nucleotide"
"DPHP","trans-4-hydroxyproline*neg",0.02,0.01,"Amino Acid"
"DPHP","Tyr-Pro*neg",-0.03,0,"Other"
"DPHP","Uracil*neg",-0.06,0,"Nucleotide"
"DPHP","Urocanic acid*neg",-0.1,0,"Amino Acid"
"DPHP","Xanthine*neg",-0.03,0,"Nucleotide"
